1螳螂vs瞎子23-7,2泰坦vs男枪24-3
叶音符啊啊
1螳螂vs螃蟹15-0,2EZvs螳螂15-11,3酒桶vs瞎子26-7,4豹女vs猪妹23-8,5皇子vs兰博25-4,6泰坦vs螳螂24-5,7狗熊vs瞎子18-2,8人马vs螳螂34-4,9瞎子vs皇子23-4,10酒桶vs剑圣13-2,11男枪vs瞎子19-3,12瞎子vs皇子24-5
1皇子vs猴子22-9,2瞎子vs凯隐13-5,3螳螂vs努努17-0,4人马vs瞎子23-5,5豹女vs厄加特（螃蟹）16-11
1凯隐vs瞎子13-3,2EZvs大树10-7,3酒桶vs瞎子28-2,4狗熊vs木木22-2,5瞎子vs剑圣15-2,6木木vs男枪22-5,7泰坦vs瞎子9-0,8皇子vs螳螂21-0
五杀人马点投降就是这么任性，打野人马对稻草,一分钟一人头，白金分段为所欲为，打野皇子对盲僧,敢出杀人书就把你打得一层书都没有，打野皇子对盲僧,给诺手头是为了保存一下BUFF，打野皇子对盲僧,被皎月秒了几次被迫掏出胜利之刀hh，打野螳螂对武器
自信闪E插死女坦，钻石铂金更好打，打野皇子对蔚,双盾无障碍进场，狂秒AD女枪游戏体验极差，打野梦魇对卡密尔,回马枪爆炸三杀，统治钻石分段，打野皇子对人马,打野辅助完美配合2V4杀完人还能跑，打野皇子对螳螂,对面打野超神依然能找机会翻盘，打野人马对龙女,国服第一K头，打野皇子对木木
1EZvs瞎子20-7,2男枪vs人马16-0,3皇子vs人马18-9,4泰坦vs蒙多27-0,5螳螂vs人马21-8,6男枪vs瞎子24-3,7EZvs螳螂23-9
1皇子vs剑圣25-3,2狗熊vs剑魔16-0,3人马vs龙龟18-7,4瞎子vs猪妹5-2,5合金弹头+豹女vs皇子6-10,6人马vs瞎子18-0,7皇子vs人马18-7,8酒桶vs豹女16-0,9皇子vs剑圣20-3,10螳螂vs梦魇21-7
1男枪vs人马12-1,2EZvs皇子13-4,3凯隐vs男枪30-11,4杰斯vs酒桶16-2,5酒桶vs蔚8-6,6皇子vs瞎子20-0,7瞎子vs男枪19-5,8人马vs瞎子29-1,9木木vs龙龟17-4,10男枪vs螳螂20-5,11狗熊vs猪妹13-1,12泰坦vs挖掘机10-3,13皇子vs人马8-4
1皇子vs剑圣25-5,2酒桶vs男枪18-1,3木木vs皇子19-4,4狗熊vs挖掘机25-3,5泰坦vs狮子狗14-6,6皇子vs龙龟22-1
叶音符2
叶音符3
1狗熊vs狼人12-3,2EZvs泰坦21-3,3豹女vs瞎子19-3,4男枪vs皇子20-4,5木木vs瞎子9-1,6酒桶vs螳螂21-1,7螳螂vs凯隐22-7,8泰坦vs凯隐14-1,9男枪vs酒桶21-3,10人马vs剑圣16-5
1男枪vs剑圣14-5,2螳螂vs武器21-3,3EZvs剑圣23-7,4狗熊vs皇子25-2,5瞎子vs螳螂20-3,6男枪vs皇子20-4,7皇子vs人马19-4,8凯隐vs木木22-4,9EZvs凯隐27-6,10泰坦vs人马19-6,11EZvs瞎子18-5,12男枪vs猪妹23-2,13酒桶vs皇子29-3
1剑魔vs瞎子12-3,2狼人vs瞎子21-4,3凯隐vs老鼠28-0,4皇子vs男枪24-2,5EZvs皇子13-5,6酒桶vs剑圣9-0,7八方旅人+皇子vs人马17-1,8八方旅人+凯隐vs寡妇23-7,9八方旅人+木木vs剑圣22-2,10皇子vs寡妇10-0,11八方旅人+狼人vs猪妹23-12
叶1
叶2
1狼人vs瞎子14-7,2剑魔vs龙龟19-4,3岩雀vs皇子22-3,4皇子vs扎克24-6,5木木vs龙龟34-3,6酒桶vs猪妹24-6,7木木vs武器18-1,8岩雀vs皇子15-2,9皇子vs龙龟21-4,10酒桶vs瞎子13-3
1小丑vs盲僧22-4,2凯隐vs武器16-4,3岩雀vs螳螂25-3,4蔚vs剑圣19-5,5剑魔vs皇子18-5,6皇子vs剑圣22-2,7木木vs豹女24-1,8凯隐vs岩雀27-1,9皇子vs酒桶16-3
1螳螂vs酒桶17-1,2男枪vs瞎子23-3,3皇子vs酒桶10-3,4凯隐vs男枪33-1,5龙女vs瞎子12-4,6酒桶vs瞎子25-2,7巨魔vs螳螂13-3,8狮子狗vs螳螂11-1,9梦魇vs大树19-2,10皇子vs木木21-12
1岩雀vs皇子20-1,2瞎子vs妮蔻17-0,3木木vs蜘蛛25-3,4酒桶vs赵信8-6,5男枪vs皇子25-7,6岩雀vs狼人22-4,7皇子vs蜘蛛25-8,8人马vs岩雀28-2,9皇子vs寡妇瞎子17-4,10酒桶vs人马18-0
1木木vs皇子28-0,2酒桶vs猪妹19-0,3凯隐vs瞎子22-3,4岩雀vs瞎子17-9,5皇子vs男枪17-1,6螳螂vs剑圣24-5,7皇子vs人马22-6,8泰坦vs皇子19-3,9木木vs瞎子27-5,10皇子vs剑魔20-1,11酒桶vs剑魔29-3
1豹女vs木木33-8,2铁男vs梦魇27-7,3皇子vs努努22-6,4铁男vs蜘蛛27-5,5凯隐vs蔚32-6,6酒桶vs瞎子4-7,7皇子vs男枪18-4,8皇子vs酒桶24-6,9黄金矿工+瞎子vs瑞雯17-7
1凯隐vs酒桶7-4,2瞎子vs蔚15-5,3皇子vs男枪20-2,4木木vs末日16-2,5铁男vs螃蟹15-11,6铁男vs瞎子21-2,7酒桶vs人马29-2,8凯隐vs扎克+瞎子15-1,9铁男vs人马26-1,10铁男vs巨魔13-12,11酒桶vs蜘蛛12-8
我的影片9
1木木vs死歌22-1,2死歌vs人马20-2,3皇子vs龙龟23-5,4铁男vs狼人22-6,5凯隐vs瞎子27-7,6铁男vs凯隐21-2
1云顶之奕,2铁男vs皇子20-9,3木木vs凯隐9-9,4皇子vs人马9-3,5凯隐vs螳螂24-6,6酒桶vs皇子13-4,7瞎子vs螳螂15-3,8木木vs酒桶21-4,9皇子vs蜘蛛18-4,10皇子vs凯隐13-6,11云顶之奕
我的影片4
1皇子vs瞎子6-0,2瞎子vs凯隐31-6,3木木vs剑圣22-5,4杰斯vs剑魔13-6,5铁男vs猴子25-3,6泰坦vs狗熊15-5,7皇子vs酒桶25-2,8铁男vs剑圣15-2,9皇子vs瞎子23-2,10凯隐vs寡妇22-5,11疑案追声
叶
1豹女vs剑魔30-5,2酒桶vs死歌23-2,3皇子vs赵信9-10,4凯隐vs瞎子24-5,5木木vs男枪20-1,6梦魇vs赵信17-4,7皇子vs老鼠27-4,8凯隐vs青钢影17-2,9瞎子vs螳螂18-0,10酒桶vs老鼠27-1,11皇子vs凯隐18-9,12人马vs狮子狗4-2,13梦魇vs蜘蛛17-4,14皇子vs石头人21-3,15木木vs瞎子7-3
1金属vs瞎子23-2,2大虫子vs皇子15-4,3豹女vs瞎子14-1,4木木vs猪妹16-2,5凯隐vs皇子15-6,6瞎子vs皇子18-5,7金属vs寡妇18-0,8皇子vs龙龟13-0,9皇子EQ闪教学,10金属vs剑圣16-2,11瞎子vs潘森24-6,12凯隐vs瞎子41-12
1凯隐vs瞎子27-6,2梦魇vs瞎子27-5,3螳螂vs瞎子19-1,4酒桶vs螳螂29-1,5皇子vs龙龟20-3,6金属vs皇子22-2,7皇子vs寡妇25-2,8梦魇vs剑圣25-2,9金属vs螳螂22-2,10瑞兹vs赵信18-2
1金属vs挖掘机26-10,2梦魇vs皇子15-4,3凯隐vs豹女25-3,4皇子vs蜘蛛13-8,5酒桶vs皇子24-4,6豹女vs赵信10-5,7木木vs挖掘机23-3,8大虫子vs瞎子16-4,9凯隐vs豹女21-2,10皇子vs酒桶19-3
1皇子vs赵信26-5,2金属vs皇子27-10,3酒桶vs死歌20-2,4凯隐vs瞎子36-1,5梦魇vs瞎子7-2,6皇子vs酒桶15-2,7木木vs剑圣33-9,8皇子vs青钢影26-1,9皇子vs瞎子16-5,10瞎子vs螳螂27-9,11皇子vs剑圣18-2,12梦魇vs人马26-6,13人马vs皇子19-2,14皇子vs寡妇27-3
1皇子vs猪妹11-2,2泰坦vs人马23-2,3EZvs大虫子16-4,4凯隐vs瞎子30-3,5木木vs龙龟17-7,6皇子vs青钢影10-1,7金属vs狗熊20-2,8皇子vs武器18-0,9瞎子vs努努20-3,10酒桶vs蛮王8-4,11木木vs赵信29-3
我的影片20
1凯隐vs螳螂14-2,2梦魇vs瞎子31-4,3武器vs凯隐9-3,4皇子vs人马21-3,5酒桶vs木木22-4,6瑞兹vs剑圣11-7,7酒桶vs男枪23-1,8剑姬vs人马17-5,9皇子vs青钢影21-3,10梦魇vs狗熊17-5,11木木vs瞎子12-5,12酒桶vs狮子狗27-2,13凯隐vs奇亚娜26-6,14皇子vs瞎子20-3,15人马vs皇子20-3,16皇子vs男枪17-2
1皇子vs剑圣22-3,2龙女vs龙龟20-3,3豹女vs猪妹19-10,4梦魇vs瞎子21-0,5皇子vs豹女17-1,6酒桶vs努努20-3,7凯隐vs武器13-5,8木木vs梦魇21-1,9皇子vs猪妹14-0,10人马vs寡妇27-3,11瞎子vs酒桶19-4,12酒桶vs男枪23-2,13皇子vs青钢影9-5
1皇子vs瞎子14-5,2酒桶vs瞎子20-3,3凯隐vs皇子20-4,4泰坦vs兰博24-6,5木木vs死歌22-6,6皇子vs凯隐17-4,7豹女vs皇子20-6,8人马vs木木25-5,9皇子vs酒桶26-1,10瞎子vs男枪15-5
我的影片4
我的影片27
1皇子vs龙龟18-3,2梦魇vs凯隐21-2,3失落城堡+泰坦vs岩雀31-4,4失落城堡+杰斯vs梦魇33-2,5失落城堡+酒桶vs剑圣26-6,6凯隐vs人马25-3,7木木vs男枪25-2,8皇子vs人马31-9,9酒桶vs皇子22-1,10梦魇vs剑圣22-7,11豹女vs凯隐15-2,12皇子vs猪妹22-4,13瞎子vs皇子6-9,14人马vs皇子14-9
1皇子vs剑圣24-1,2凯隐vs蜘蛛18-7,3酒桶vs瞎子22-3,4皇子vs螳螂20-2,5梦魇vs皇子8-10,6木木vs凯隐20-6,7瞎子vs酒桶9-6,8皇子vs瞎子22-1,9梦魇vs潘森9-6,10皇子vs瞎子14-0,11凯隐vs奥拉夫37-2,12酒桶vs赵信31-5,13木木vs皇子25-8,14皇子vs老鼠22-2
1凯隐vs奇亚娜18-6,2瑞兹vs螳螂7-0,3皇子vs瞎子22-5,4酒桶vs潘森21-5,5皇子vs武器16-5,6木木vs乌迪尔22-3,7梦魇vs凯隐18-0,8凯隐vs酒桶29-6,9酒桶vs剑圣22-5,10皇子vs酒桶26-2,11人马vs蔚20-7
1蜘蛛vs瞎子11-7,2皇子vs猴子22-1,3酒桶vs皇子18-5,4皇子vs梦魇19-6,5瞎子vs赵信21-2,6皇子vs凯隐15-2,7木木vs男枪26-0,8凯隐vs奇亚娜22-6,9酒桶vs龙龟28-4,10皇子vs龙女17-7,11人马vs千珏21-2
1凯隐vs皇子22-5,2瞎子vs皇子22-1,3狮子狗vs瞎子22-2,4酒桶vs梦魇24-4,5皇子vs瞎子27-5,6木木vs男枪16-3,7皇子vs猴子22-2,8人马vs狗熊22-3,9梦魇vs男枪30-3,10酒桶vs老鼠25-1
1狮子狗vs皇子7-3,2皇子vs凯隐23-1,3兰博vs人马20-4,4皇子vs潘森27-3,5梦魇vs人马23-4,6皇子vs剑圣21-3,7凯隐vs挖掘机21-0,8男枪vs螳螂8-0,9皇子vs瞎子13-2,10酒桶vs人马25-2,11豹女vs剑圣18-7,12皇子vs寡妇23-1,13人马vs寡妇33-3,14皇子vs男枪21-4,15酒桶vs人马18-2,合金弹头2全流程
1凯隐vs皇子29-11,2皇子vs木木21-8,3男枪vs螳螂17-0,4酒桶vs男枪5-1,5豹女vs寡妇18-6,6梦魇vs挖掘机11-4,7人马vs剑圣11-0,8酒桶vs皇子20-1,9男枪vs龙女20-1,10凯隐vs奇亚娜34-7,11皇子vs盲僧24-7,12酒桶vs潘森25-7,13人马vs皇子12-3,14皇子vs死歌19-5
1皇子vs蜘蛛17-3,2兰博vs瞎子26-6,3皇子vs狮子狗21-6,4人马vs凯隐22-2,5皇子vs狗熊30-6,6酒桶vs人马16-0,7瞎子vs皇子16-2,8皇子vs赵信25-2,9金属vs努努17-6,10皇子vs赵信11-9
我的影片15
1皇子vs梦魇17-4,2酒桶vs皇子24-5,3人马vs皇子20-3,4木木vs剑圣12-7,5酒桶vs凯隐21-2,6皇子vs人马29-3,7云顶之奕,8云顶之奕,9云顶之奕
1凯隐vs赵信20-1,2酒桶vs豹女25-1,3梦魇vs螳螂15-2,4艾克vs瞎子15-3,5蔚vs男枪14-5,6瞎子vs皇子25-2,7皇子vs末日25-11,8酒桶vs寡妇25-0,9人马vs男枪21-5,10凯隐vs男枪15-4,11酒桶vs男枪29-3
我的影片3
我的影片22
我的影片7
1皇子vs潘森18-3,2狮子狗vs瞎子23-3,3凯隐vs瞎子20-4,4兰博vs酒桶29-6,5男枪vs瞎子25-3,6酒桶vs小丑16-1,7梦魇vs蜘蛛22-5,8豹女vs老鼠13-2,9兰博vs皇子13-3,10人马vs岩雀22-0,11皇子vs瞎子17-2
1梦魇vs剑圣23-0,2皇子vs瞎子25-5,3酒桶vs螳螂22-6,4凯隐vs青钢影21-4,5人马vs剑圣20-2,6皇子vs小丑11-3,7木木vs末日23-1,8男枪vs武器24-2,9皇子vs赵信16-4,10酒桶vs蛮子22-0,11云顶之奕,12云顶之奕
1酒桶vs男枪25-2,2皇子vs努努29-5,3男枪vs凯隐15-3,4木木vs瞎子18-6,5人马vs剑圣16-1,6酒桶vs瞎子29-3,7皇子vs蔚20-1,8男枪vs螳螂20-4,9酒桶vs皇子9-2,10泰坦vs剑圣21-0,11皇子vs瞎子22-3
1皇子vs猪妹20-5,2凯隐vs波比15-6,3泰坦vs瞎子27-6,4艾克vs寡妇23-3,5酒桶vs瞎子21-3,6梦魇vs狮子狗13-1,7瞎子vs塞拉斯16-3,8男枪vs蜘蛛13-1,9皇子vs寡妇32-3,10凯隐vs剑圣11-7,11酒桶vs剑圣11-1,12云顶之奕,13云顶之奕（本局高能）
1兰博vs螳螂18-4,2皇子vs瞎子17-3,3梦魇vs皇子20-3,4豹女vs皇子9-2,5酒桶vs瞎子26-4,6瞎子vs皇子23-2,7木木vs瞎子23-4,8皇子vs豹女20-3,9凯隐vs狮子狗26-3,10云顶之奕,11云顶之奕,12云顶之奕,13云顶之奕
1皇子vs狮子狗8-0,2艾克vs寡妇10-3,3豹女vs寡妇20-3,4皇子vs奥拉夫17-0,5梦魇vs瞎子6-4,6酒桶vs千珏30-3,7木木vs皇子32-2,8皇子vs男枪15-3,9酒桶vs赵信20-4
1皇子vs酒桶18-1,2酒桶vs男枪30-3,3木木vs蜘蛛8-0,4泰坦vs青钢影13-2,5男枪vs皇子31-9,6皇子vs瞎子8-1,7酒桶vs老鼠33-4,8皇子vs狮子狗18-3,9人马vs蜘蛛13-2,10男枪vs皇子14-5
我的影片13
1凯隐vs皇子24-4,2酒桶vs塞拉斯24-6,3兰博vs豹女8-3,4皇子vs蜘蛛14-1,5男枪vs塞拉斯12-11,6兰博vs皇子24-4,7皇子vs瞎子15-2,8酒桶vs皇子27-3,9人马vs赵信30-6,10豹女vs皇子16-4,11酒桶vs挖掘机15-2,12皇子vs武器17-4,13皇子vs螳螂14-3
1皇子vs人马15-3,2酒桶vs豹女15-2,3男枪vs皇子21-1,4木木vs末日21-1,5豹女vs挖掘机10-4,6云顶之弈,7男枪vs凯隐10-4,8人马vs武器12-0,9酒桶vs人马15-5,10VNvs小炮30-2,11瞎子vs男枪11-1,12皇子vs酒桶24-5,13酒桶vs皇子21-3,14男枪vs寡妇21-3
2017-04-09 19点场,2017-04-09 21点场,2017-04-09 23点场,2017-04-10 1点场
1-5,6-9,"10,11"
1-5,6-9
1-5,6-10,11-14
1-4(1),5-9(1),10(1)
1-4,5-9,10
1-4,5-8,9-11
1-4,5-8,9-11
1-5,6-9
1-4,5-8,9-10
1-5,6-10,11-12
1-4,5-9,10-11
1-5,6-9,10-11
1-5,6-10
1-5,6-9,10-12
1-4,5-9,10-12
1-5,6-9,10-12
1-5,6-11,12-13
1-4,5-8,9-10
1-4,5-9
1-4,5-8
1-4,5-9,10-13
1-4,5-8,9-11
1-5,6-10,11-14
1-5,6-9
1-5,6-10,11-14
1-5,6-9,10-13
1打野皇子对酒桶，没关系我走了拜拜····BOOM！野区戏耍洛和诺手,2惩戒Q、R闪花式操作，18杀盲僧完美节奏带飞队友,3R抵消薇恩E，EQ击飞双C再Q回马枪击飞大树天秀皇子，23杀CARRY翻盘,4震惊！国服第一皇子竟被F6单杀！R中3人击飞五人完美团战取胜！,5反蹲队友完美节奏，这波1换5死了个最帅的，打野皇子对虫子,6套路反红失败依然能无敌发育，伪四杀皇子对盲僧轻松取胜,7打野梦魇对武器，关灯杀落地秒！
一打五五杀！摧枯拉朽的伤害！中单皇子对剑姬,细节卡6瞬秒吸血鬼，无情屠杀中单皇子对吸血鬼,老阴B蹲了半分钟阴死飞机，中单皇子对飞机,两路被破逆风翻盘，中单皇子对马尔扎哈,反烂螳螂带起上单，打野皇子对螳螂,打野皇子对梦魇，这么逆风叶师傅能超神11-1也是尽力了
"女警风女被秒得怀疑人生，16-2-16,378刀完美战绩",4分钟杀两次打崩酒桶，酒桶游戏体验极差，皇子对酒桶,一神带四坑，以一人之力带领队伍取胜，中单皇子对劫,关键时刻鼠标出错嘟嘟嘟送了一个头233，中单皇子对蛇女,E技能助威蹭助攻，中单皇子对维克托,四杀20杀皇子带不动，中单皇子对小法
摸清老鼠的一切行动，VN被反甲反死，打野皇子对老鼠,四杀螳螂泉水秒寒冰，打野螳螂对寡妇,他已经si了，自信回头233，中单皇子对辛德拉,预判Q闪单杀船长，22杀盲僧带领队友取胜,中单皇子对卡萨丁，大龙被抢带不动尽力了,R抵消赵信三段Q，1V2丝毫不怂，打野皇子对赵信,皇子坐飞机！直播da飞机，打野皇子对剑圣
1-4,6-8
22-3-13日常一神带四坑，打野皇子对盲僧,四杀男枪绿叉无尽爆炸伤害，打野男枪对盲僧,杀人如饮水，四杀皇子CARRY，中单皇子对小法,酒桶心里苦，这皇子一直来野区秒他，中单皇子对吸血鬼,打野型中单，进可中单退可打野，中单皇子对飞机,针对我的结果就是你们中野都得崩，中单皇子对火男,别的打野也CARRY，打野男枪对猴子
一个人的屠杀秀，艾克被秒的大招开不出来，中单皇子对艾克,EQ闪千里追杀，21分钟3人偷龙，打野皇子对盲僧,欢迎来到华贵人机段位，中单皇子对飞机,没换技能带CJ打中单，既能1秒3又能抢火龙，中单皇子对杰斯,20个人头18个和叶师傅有关，打野皇子对老鼠,怒抢大龙逆风翻盘，打野皇子对剑圣,被盲僧针对越塔踢好惨啊，中单奥巴马对亚索
不解释连招这些都是我玩剩下的，RA瞬秒一切，中单皇子对劫,R也可以抵消虫子的Q，可怜虫子补个车就要死，中单皇子对虫子,操作细腻，14杀CARRY，中单卢锡安对加里奥,用R抵消发条R的强制位移，中单皇子对发条,嘲讽瑞文结果被控住接不到灯笼233，打野皇子对武器,对面阵容后期太强，叶师傅20杀尽力了，中单男刀对辛德拉
龙抢了人杀了装了逼还走了贼刺激，打野皇子对寡妇,孤儿上单抢蓝还喷水友，4V5也能赢，中单皇子对卡萨丁,日常细腻操作用R抵消VN的E，打野皇子对凯隐,一人杀穿中下野，打野皇子对梦魇,可怜的瞎子野都被刷光了无野可刷，打野皇子对盲僧
狂秒大嘴，大嘴游戏体验极差，中单皇子对卡牌,风骑皇子，还是秒香炉怪爽，中单皇子对乌鸦,有闪现时我的EQ不可能空，中单皇子对卡牌
瞬秒发条抢蓝揽件成功，千里追杀酒桶，中单皇子对发条(1),边缘OB戏耍大树最后秀不动了233，打野皇子对盲僧(1),这种死人不用看他第二眼，中单皇子对小法(1),五分钟4700经济回家购物，打野皇子对剑圣(1)
野区真眼钓鱼，男枪要报警了，中单皇子对瑞兹,有伤害有击飞的Q闪，25杀尽力CARRY了，被偷家惜败,叶师傅瞎子还是秀啊，Q闪E闪顺手拈来，打野瞎子对皇子,切死AD19杀逆风翻盘，中单皇子对鱼人,戏耍玩死诺手，打野螳螂对猪妹
鏖战45分钟史诗级翻盘，打野皇子对盲僧,十九分钟疯狂tu杀27个，打野皇子对凯隐,针对我？我依然20杀一个秒3个打炸你们，中单皇子对炼金,没打野212阵容也能随便赢，泉水秒风女，中单皇子对吸血鬼,一个EQ4个扎克，这一幕有点眼熟，打野皇子对扎克,怂比刀强行胜利之刀，打野皇子对狮子狗,一秒7键瞬秒劫，逆风翻盘20杀，中单皇子对劫,被偷两路艰难取胜，打野螳螂对武器
我的影片2
1皇子vs酒桶18-3,2皇子vs青钢影12-1,3酒桶vs皇子16-0,4皇子vs瞎子11-1,5豹女vs人马6-3,6人马vs男枪5-8,7酒桶vs塞拉斯14-5,8皇子vs死歌18-6,9梦魇vs扎克12-7,10皇子vs蜘蛛11-2,11男枪vs豹女12-4,12泰坦vs瞎子11-3
1负，皇子vs人马13-2,2胜，酒桶vs瞎子12-2,3胜，酒桶vs豹女3-0,4胜，皇子vs千珏11-4,5负，豹女vs扎克6-6,6胜，皇子vs奇亚娜34-3,7凯隐vs男枪24-5,8木木vs狗熊30-1,9皇子vs男枪17-1,10男枪vs瞎子15-7,11瞎子vs潘森7-9,12皇子vs酒桶17-2,13人马vs石头人10-5,14胜，皇子vs塞拉斯13-2,15胜，皇子vs赵信12-3,16胜，人马vs皇子16-5
1凯隐vs皇子24-1,2皇子vs梦魇14-2,3男枪vs豹女13-2,4酒桶vs男枪22-2,5木木vs男枪13-0,6狮子狗vs剑圣16-4,7男枪vs梦魇24-7,8皇子vs木木20-2,9皇子vs塞拉斯20-5,10男枪vs剑圣12-5,11豹女vs赵信11-7,12皇子vs瞎子21-2
1皇子vs死歌21-4,2狗熊vs瞎子21-5,3人马vs凯隐13-2,4梦魇vs人马9-7,5酒桶vs皇子15-0,6皇子vs酒桶24-1,7酒桶vs豹女28-2,8皇子vs人马23-2,9皇子vs凯隐33-6
我的影片14
1皇子vs蜘蛛22-6,2男枪vs皇子19-1,3酒桶vs皇子14-6,4皇子vs猪妹12-1,5木木vs皇子20-7,6胜，皇子vs瞎子8-4,7胜，男枪vs蜘蛛9-0,8胜，酒桶vs石头人11-1,9胜，人马vs蜘蛛13-0,10胜，皇子vs男枪15-3,11负，皇子vs剑圣19-8,12胜，酒桶vs大虫子15-1,13胜，人马vs青钢影18-3,14胜，皇子vs瞎子6-2,15胜，酒桶vs皇子14-2
1皇子vs努努14-4,2豹女vs武器11-3,3兰博vs寡妇25-3,4皇子vs狼人17-2,5凯隐vs男枪22-1,6酒桶vs男枪26-3,7木木vs赵信20-2,8皇子vs盲僧20-3,9男枪vs盲僧24-4,10人马vs皇子23-2,11狗熊vs皇子11-9,12皇子vs剑圣21-3,13酒桶vs剑圣10-0,14梦魇vs挖掘机20-2,15蜘蛛vs男枪9-0,16皇子vs盲僧27-0,17酒桶vs乌迪尔17-8
1狗熊vs寡妇17-4,2皇子vs龙龟9-0,3酒桶vs末日11-6,4皇子vs人马21-1,5人马vs蜘蛛22-1,6男枪vs狮子狗16-4,7胜，皇子vs寡妇12-4,8胜，皇子vs瞎子10-3,9胜，人马vs瞎子11-6,10负，皇子vs塞拉斯6-8,11胜，蜘蛛vs末日22-2,12胜，酒桶vs挖掘机12-4,13胜，皇子vs凯隐18-5,14胜，酒桶vs人马7-0,15胜，人马vs皇子10-3
超神螳螂嗜血tu杀，人头数比对面总人头都多，打野螳螂对皇子,AD掉线上路崩盘中路被抓叶师傅力挽狂澜CARRY翻盘，打野皇子对瞎子,把峡谷先锋卡在石头人那里了233，打野皇子对酒桶,被武器追杀EQ走顺带刷个蛤蟆贼刺激，打野皇子对猪妹,香炉瞎子打团负责套盾，叶师傅真有创意，打野瞎子对螳螂
1梦魇vs赵信7-8,2皇子vs赵信9-6,3豹女vs瞎子18-2,4男枪vs梦魇19-2,5男枪vs挖掘机12-4,6泰坦vs酒桶10-1,7酒桶vs剑圣11-2,8死歌vs蜘蛛14-3,9木木vs奥拉夫11-0,10皇子vs死歌13-0,11酒桶vs人马28-3,12皇子vs寡妇12-3,13人马vs瞎子15-2,14皇子vs豹女8-3
我的影片4
1皇子vs武器11-1,2男枪vs老鼠15-4,3凯隐vs皇子22-5,4杰斯vs蒙多25-9,5皇子vs木木15-4,6酒桶vs人马25-5,7木木vs人马18-3,8剑魔vs凯隐11-1,9豹女vs瞎子19-4,10皇子vs赵信19-0,11木木vs螳螂16-8,12酒桶vs寡妇14-1,13皇子vs小丑12-2,14梦魇vs豹女14-7
下路吵架还好打野比较强带起了节奏，打野皇子对挖掘机,高分段的人的区别就在于意识大局观，打野皇子对猪妹,轻松晋级峡谷之巅钻一，打野皇子对EZ,皇子的R连石头的R击飞都可以抵消，打野皇子对猪妹
1皇子vs蜘蛛12-4,2人马vs豹女17-2,3酒桶vs剑圣12-3,4（ad位）奥巴马vs老鼠12-6,5皇子vs酒桶21-2,6木木vs潘森31-8,7蜘蛛vs螳螂16-4,8酒桶vs塞拉斯23-0,9皇子vs寡妇11-2
1酒桶vs瞎子21-1,2蜘蛛vs小丑21-2,3狗熊vs寡妇14-6,4皇子vs波比14-3,5人马vs波比25-3,6酒桶vs男枪21-2,7男枪vs瞎子19-8,8酒桶vs瞎子11-1,9木木vs人马26-3,10兰博vs狼人7-1,11皇子vs螳螂11-4,12酒桶vs努努15-4,13杰斯vs木木23-5,14人马vs皇子18-3,15皇子vs潘森21-4
1木木vs酒桶11-7,2皇子vs螳螂19-4,3人马vs瞎子22-3,4梦魇vs剑圣19-5,5皇子vs男枪11-2,6皇子vs酒桶22-1,7蜘蛛vs螳螂18-2,8酒桶vs瞎子17-6,9男枪vs凯隐17-6,10人马vs狼人19-10,11皇子vs狮子狗7-1,12瞎子vs皇子26-4,13梦魇vs寡妇17-1
1皇子vs螳螂20-6,2男枪vs人马23-5,3酒桶vs瞎子15-0,4蜘蛛vs岩雀23-6,5皇子vs兰博13-1,6千珏vs青钢影21-5,7皇子vs瞎子18-0,8豹女vs青钢影20-3,9蜘蛛vs皇子23-1,10皇子vs瞎子12-3,11人马vs皇子30-4,12酒桶vs皇子19-2,13杰斯vs男枪13-8,14皇子vs剑圣20-4
1皇子vs猴子24-5,2酒桶vs皇子19-3,3皎月vs瞎子23-4,4千珏vs瞎子14-2,5梦魇vs豹女20-7,6皎月vs瞎子11-4,7人马vs剑魔9-0,8皇子vs豹女12-2,9男枪vs螳螂26-2,10蜘蛛vs男枪16-0,11皇子vs男枪4-2,12人马vs瞎子20-6,13皇子vs寡妇15-1,14凯隐vs瞎子26-2
我的影片3
我的影片15
1皇子vs人马21-3,2螳螂vs青钢影16-3,3男枪vs瞎子6-2,4酒桶vs男枪17-4,5蜘蛛vs酒桶8-1,6岩雀vs剑圣20-2,7男枪vs瞎子29-3,8皇子vs瞎子20-5,9兰博vs酒桶11-7,10螳螂vs塞拉斯29-4,11千珏vs诺手24-2,12瞎子vs皇子22-5,13梦魇vs酒桶15-3,14皇子vs男枪28-2,15人马vs青钢影19-3
1狮子狗vs剑圣14-1,2皎月vs人马24-1,3泰坦vs男枪21-2,4皎月vs潘森9-1,5酒桶vs扎克27-3,6蜘蛛vs梦魇33-2,7皇子vs努努24-3,8豹女vs螳螂8-8,9人马vs瞎子17-2,10蜘蛛vs死歌31-2
1千珏vs男枪28-8,2凯隐vs岩雀20-3,3蜘蛛vs瞎子24-1,4皇子vs蜘蛛23-1,5男枪vs瞎子18-3,6梦魇vs凯隐31-1,7螳螂vs瞎子21-4,8皎月vs皇子19-3,9蜘蛛vs皎月25-0,10酒桶vs凯隐20-0,11皇子vs螳螂23-2,12男枪vs皇子11-5,13人马vs皇子28-1,14木木vs皇子6-1
1螳螂vs人马24-7,2瞎子vs赵信16-3,3皇子vs莫甘娜13-5,4蜘蛛vs瞎子18-4,5酒桶vs皇子23-1,6男枪vs塞拉斯12-5,7人马vs塞拉斯17-5,8皇子vs塞拉斯25-2,9梦魇vs猪妹21-2
1皇子vs豹女31-1,2皎月vs瞎子24-2,3酒桶vs赵信13-0,4螳螂vs瞎子28-3,5蜘蛛vs岩雀31-7,6皎月vs瞎子12-9,7千珏vs龙女21-2,8人马vs瞎子20-2,9凯隐vs努努16-1,10皇子vs豹女21-3,11男枪vs凯隐26-5,12人马vs塞拉斯24-3
1梦魇vs剑圣15-2,2男枪vs螳螂8-1,3蜘蛛vs木木14-0,4千珏vs螳螂15-1,5狮子狗vs螳螂7-1,6酒桶vs千珏19-1,7蜘蛛vs瞎子9-2,8酒桶vs瞎子22-1,9皇子vs螳螂17-2,10老鼠vs螳螂19-3,11蜘蛛vs赵信7-4,12男枪vs梦魇23-1,14酒桶vs武器17-2,15木木vs瞎子5-6,16皇子vs猪妹15-0,17凯隐vs螳螂19-2,13木木vs瞎子16-1
我的影片8
1螳螂vs皇子31-4,2皇子vs豹女11-1,3豹女vs人马26-7,4人马vs螳螂19-3,5凯隐vs塞拉斯22-2,6塞拉斯vs皇子17-4,7木木vs酒桶26-1,8酒桶vs男枪26-6,9男枪vs蜘蛛22-7,10蜘蛛vs男枪19-3,11龙女vs人马16-5,12人马vs瞎子17-1,13千珏vs瞎子20-3,14瞎子vs剑圣22-2,15剑圣vs塞拉斯12-5
1凯隐vs木木26-6,2男枪vs皇子20-4,3皇子vs蜘蛛20-3,4蜘蛛vs狮子狗22-1,5狮子狗vs豹女21-5,6豹女vs岩雀23-8,7男枪vs猴子9-5,8猴子vs皇子8-4,9凯隐vs皇子19-1,10皇子vs狮子狗15-1,11狮子狗vs瞎子16-5
我的影片17
1蜘蛛vs瞎子21-4,2男枪vs螳螂14-8,3新版潘森vs螳螂19-5,4木木vs蜘蛛18-2,5皇子vs巨魔17-3,6凯隐vs赵信21-8,7酒桶vs皇子20-8,8千珏vs凯隐14-6
1皇子vs凯隐9-2,2梦魇vs男枪34-6,3蒙多vs寡妇24-5,4酒桶vs瞎子11-2,5凯隐vs死歌17-2,6男枪vs凯隐16-2,7蜘蛛vs青钢影23-3,8皇子vs赵信20-0,9人马vs梦魇21-5
1皇子vs瞎子4-4,2蜘蛛vs寡妇21-3,3男枪vs豹女14-5,4千珏vs人马29-5,5皇子vs螳螂16-6,6螳螂vs皇子21-0,7男枪vs凯隐29-6,8凯隐vs螳螂10-1,9螳螂vs皇子27-7,10皇子vs龙龟19-5,11龙龟vs男枪16-4,12男枪vs螳螂27-5,13梦魇vs瞎子28-3,14瞎子vs梦魇20-5
1酒桶vs寡妇23-4,2螳螂vs狮子狗19-3,3千珏vs螳螂20-6,4蜘蛛vs男枪20-5,5皇子vs螳螂13-0,6男枪vs瞎子26-10,7潘森vs凯隐21-4,8岩雀vs瞎子14-4,9皇子vs赵信22-6,10人马vs梦魇21-2,11蜘蛛vs努努13-2,12潘森vs狮子狗9-7
我的影片25
1皇子vs猪妹14-1,2泰坦vs木木26-7,3龙女vs赵信13-3,4木木vs螳螂21-8,5老鼠vs瞎子21-1,6梦魇vs皇子17-3,7皇子vs螳螂13-3,8男刀vs皇子24-4,9蜘蛛vs人马11-2,10酒桶vs剑圣17-0,11木木vs武器12-6,12男枪vs人马23-3,13男刀vs龙龟14-8,14凯隐vs人马12-7,15皇子vs凯隐20-6
1梦魇vs武器17-3,2皇子vs瞎子11-1,3瞎子vs蜘蛛7-7,4凯隐vs剑圣26-9,5蜘蛛vs剑圣12-6,6酒桶vs皇子22-4,7木木vs塞拉斯22-5,8老鼠vs武器15-2,9千珏vs男枪12-5,10皇子vs人马14-1
1螳螂vs皇子9-0,2梦魇vs瞎子22-4,3小丑vs凯隐12-2,4酒桶vs人马23-1,5死歌vs凯隐27-11,6人马vs青钢影14-3,7梦魇vs皇子20-1,8皇子vs努努14-7,9酒桶vs努努10-3,10凯隐vs死歌34-1,11狮子狗vs酒桶38-5
我的影片34
1皇子vs瞎子15-0,2老鼠vs凯隐26-8,3豹女vs赵信22-4,4螳螂vs皇子26-3,5梦魇vs金属26-3,6皇子vs狮子狗20-1,7潘森vs瞎子10-3,8酒桶vs小丑12-0,9小丑vs瞎子22-3,10木木vs皇子23-6
1螳螂vs奥拉夫18-2,2狮子狗vs酒桶30-1,3老鼠vs皇子25-1,4皇子vs螳螂6-2,5凯隐vs塞拉斯20-1,6梦魇vs酒桶22-4,7酒桶vs岩雀24-3,8男枪vs大虫子19-2,9木木vs螳螂14-0,10蜘蛛vs皇子24-4,11皇子vs蒙多30-4,12人马vs瞎子30-1
1螳螂vs男枪24-4,2千珏vs寡妇9-7,3石头人vs瞎子15-1,4皇子vs蜘蛛22-3,5凯隐vs寡妇8-3,6中单皇子vs泽拉斯,7狮子狗vs凯隐17-7,8男枪vs人马21-3,9梦魇vs石头人21-2,10石头人vs蜘蛛15-5,11皇子vs男枪8-6,12酒桶vs男枪22-0,13人马vs蜘蛛28-2
我的影片40
1皇子vs赵信15-0,2螳螂vs猪妹29-3,3梦魇vs蜘蛛15-3,4狮子狗vs男枪18-4,5酒桶vs螳螂7-2,6石头人vs皇子16-4,7皇子vs剑圣16-2,8凯隐vs皇子31-8,9狮子狗vs男枪19-3
1螳螂vs狮子狗19-5,2狮子狗vs皇子17-0,3皇子vs凯隐23-1,4石头人vs酒桶13-7,5木木vs蛮王16-2,6螳螂vs瞎子17-3,7皇子vs青钢影17-0,8狮子狗vs酒桶9-6,9酒桶vs瞎子23-1,10凯隐vs人马22-2,11男枪vs龙女11-4,12千珏vs瞎子18-2,13泰坦vs螳螂15-5,14梦魇vs蜘蛛6-3,15皇子vs塞拉斯17-0
我的影片48
1螳螂vs蜘蛛20-2,2皇子vs武器10-3,3凯隐vs蜘蛛27-5,4狮子狗vs男枪14-3,5小丑vs剑圣18-2,6千珏vs石头人13-3,7酒桶vs皇子16-5,8男枪vs剑圣21-2,9梦魇vs皇子11-0
1螳螂vs男枪36-0,2皇子vs赵信19-1,3男枪vs酒桶16-4,4石头人vs皇子9-4,5螳螂vs巨魔16-1,6皇子vs豹女8-1,7狮子狗vs螳螂17-1,8凯隐vs瞎子18-4,9梦魇vs螳螂14-0,10酒桶vs瞎子23-0,11木木vs寡妇11-3,12小丑vs岩雀28-4,13男枪vs螳螂10-2,14皇子vs塞拉斯15-1
1酒桶vs瞎子3-2,2狮子狗vs瞎子14-1,3男刀vs赵信22-7,4皇子vs瞎子7-1,5凯隐vs皇子17-5,6螳螂vs豹女26-3,7男枪vs赵信23-6,8老鼠vs瞎子19-3,9酒桶vs瞎子21-4,10皇子vs艾克20-5+EQ闪教学,11狮子狗vs人马7-3,12凯隐vs龙龟20-2,13木木vs皇子22-1
爆炸伤害轻取五杀，中单皇子对火男,现在这个游戏叫找剑圣，在对面野区乱逛太霸道了，中单皇子对冰女,细节惩戒大狼升级回血反杀剑圣，打野皇子对剑圣,配合炸弹人三分扣篮，打野皇子对盲僧,欢迎来到华贵人机段位，中单皇子对船长,用R抵消小炮的R大家做好笔记了，打野皇子对男枪尽力局
叶师傅英雄池深不可测，秀一把火影劫，中单劫对拉克丝,Q旗子击飞闪现回来A死吸血鬼，多帅哦，打野皇子对木木,自卖自夸我只服叶音符，EZ惨被杀皆因卡牌太肉，中单皇子对卡牌,冰鸟居然是庆典女皇皮肤，最讨厌风女辅助，中单皇子对冰鸟,大龙被抢丝毫不慌轻松翻盘，中单皇子对安妮
1螳螂vs瞎子19-2,2凯隐vs龙女19-1,3豹女vs龙龟27-6,4皇子vs瞎子13-3,5男枪vs赵信13-2,6人马vs皇子30-0,7皇子vs死歌24-3,8螳螂vs猪妹21-4,9梦魇vs酒桶25-3,10千珏vs凯隐19-3,11小丑vs凯隐23-4,12酒桶vs皇子15-2,13男枪vs瞎子15-5,14木木vs大树13-5
VN的E形同虚设，E不E都要死，打野皇子对螳螂,安妮你不尊重我要死啊，孤胆英雄杀人偷家，中单皇子对安妮,智商压制秀刀妹，540攻击力见谁秒谁，中单皇子对加里奥,小老鼠敢反野直接杀出送人头提示，打野皇子对老鼠,落地瞬秒AD，R进人群配合队友完美团战，打野梦魇对虫子,被迫绝望送塔233，打野皇子对猴子
二十五分钟22杀宛如人机般杀戮，打野螳螂对皇子,R抵消龙王R，EQ闪击飞瞬秒双C，打野皇子对EZ,Q闪霸王枪攻其不备，打野皇子对螳螂,勾引？QER直接秒比EQR更快，打野皇子对努努,叶师傅居然被单杀3次，不过还是发育起来了，中单皇子对鱼人
""
22-3-15一神带四坑逆风翻盘，打野皇子对剑圣,狮子狗惨遭落地秒，打野螳螂对狮子,门牙被拆怒抢大龙完美翻盘，打野皇子对盲僧,队友太瓜24杀也不能逆天改命，中单皇子对卡萨丁,又是一把尽力局，这天打得好辛苦，打野皇子对梦魇
狂暴30杀，卡特被杀超鬼，中单皇子对卡特,哈哈被粉丝认出来了，被粉丝疯狂表白，中单皇子对辛德拉,给你们展示一下我的英雄海，中单劫对泽拉斯,一万波心理博弈躲过蛇女大招成功单杀，中单皇子对蛇女,主播秒人挂，关注了，中单皇子对狐狸,十九分钟386攻击力玩个锤子，中单皇子对安妮
闪现躲瞎子二段Q反杀，打野皇子对瞎子,7-21超逆风翻盘，这酒桶也太强了，打野酒桶对皇子,高分局依然能抗能秒人，打野皇子对EZ,完美EQ闪抓崩中路，打野皇子对螳螂,瞬秒AD10杀CARRY，打野螳螂对盲僧
先打三狼出偷野刀高速发育，打野皇子对赵信,新符文胜利之盾轻取一血，中单劫对小鱼人,残暴33杀队友犯傻被偷家惜败了，打野螳螂对皇子,不管真猴假猴，R框住就完事了，中单皇子对赵信,皇子被ban杰斯也能超神CARRY，中单杰斯对瑞兹
反一组野150还能杀人，四杀五人赚了一个亿，打野皇子对盲僧,四杀相位螳螂死亡追杀无人可逃，打野螳螂对男枪,凯南次次刚出来又被杀回家好惨，打野皇子对盲僧,反满了3吧偷野刀美滋滋，打野皇子对挖掘机,队友不来团有心杀敌无力回天，中单皇子对辛德拉
稳一点出把无尽，看完我决定买一个牛头，打野皇子对男枪,Q摸眼R闪Q一套操作行云流水，四杀打野盲僧对皇子,一人秒杀AD辅助打野3人，24分钟24杀，打野皇子对螳螂,狂秒男枪大快人心，我还可以秀！打野皇子对男枪,熟悉的反红熟悉的剧情熟悉的CARRY，打野皇子对猪妹
预判滑板鞋闪现位置EQ击飞，打野皇子对猪妹,五杀皇子轻松取胜，打野皇子对EZ,时光R消失瞬间击杀瞎子，你的装逼余额已不足，打野皇子对盲僧,回到了草就像回到了家一样，我超喜欢在里面的，打野螳螂对梦魇,孤儿AD0-13实在带不动，打野皇子对瞎子
抢完大龙还能跑，这就就是秀！打野皇子对蜘蛛,一分钟一个头，21分钟21杀，打野皇子对蒙多,日常R抵消小炮R，四杀CARRY，打野皇子对剑圣,幻影螳螂神出鬼没杀人如麻，打野螳螂对剑圣,开局立flag26杀都赢不了233，打野螳螂对皇子
1想跟我皇城PK？不自量力，打野皇子对剑圣,2十四杀CARRY翻盘，打野皇子对猴子,3软件出问题了叶师傅说不了话，26杀尽力局，打野皇子对狮子
EQ闪就是秀就是帅，没有别的，打野皇子对狼人,蒂花之秀秀死中野，对不起我比你更秀，打野皇子对盲僧,1：10-1超逆风20杀超神翻盘，打野梦魇对皇子,5你在想什么我的一清二楚，打野皇子对男枪,队友像小鸡仔死的太快了，有心杀敌无力回天，打野梦魇对猴子
飘逸操作，轻松秒杀，30杀峡谷杀神，打野螳螂对赵信,五杀能被奶妈抢了真的惨233，打野四杀皇子对盲僧,用R抵消赵信R，1V3三杀，打野皇子对赵信,中单狗头TP来送被叶师傅连抓两次好惨啊，打野皇子对男枪,华贵人机轻松杀戮，打野皇子
用R抵消沙皇R，一秒6键瞬秒沙皇，中单皇子对沙皇,抢龙三杀大龙毁一生直接翻盘，打野皇子对螳螂,黑暗收割螳螂，让我们找一下男枪的位置，打野螳螂对男枪,技高一筹W挡掉瞎子R成功反杀，打野梦魇对盲僧,大招流爆炸AOE瞬间秒杀对面，打野皇子对人马
五十分钟大战，71000输出27杀CARRY，打野螳螂对皇子,RA秒VN，秀是不存在的，打野皇子对龙女,抢火龙反秀2人，进草丛隐身次次踩蘑菇，打野螳螂对皇子,叶师傅这鼠标关键时刻嘟嘟嘟差点出大事，打野皇子对龙女,瑞兹是至死不渝皮肤啊，EQ闪空了啊233，打野皇子对赵信
细节惩戒小兵升级到7反杀盲僧，打野皇子对盲僧,在我面前没有肉，都是脆皮都是秒，打野皇子对剑圣,一级出门偷野刀，20分钟5件套442攻击力，打野皇子对盲僧,E小龙坑惨撞墙被殴打，打野男枪对赵信,你的野区我的家，打野皇子对挖掘机
为出装打野刀都卖21杀见谁秒谁，打野皇子对豹女,二级反蓝杀崩人马，人马惨被杀超鬼，打野皇子对人马,叶师傅居然压了酒桶6级，打野皇子对酒桶,闪现过墙越二塔杀亚索根本不讲道理，打野皇子对盲僧,队友打团问题很大啊20杀尽力局，打野皇子对赵信
叶音符精彩集锦第二期
1四分钟在对面红区连拿4个头，对面不用玩了，打野皇子对盲僧梦魇,2日常R抵消薇恩E赵信Q，打野皇子对赵信,3斗地主明牌鬼才叶音符笑死了，打野盲僧对男枪
当队友浪的时候就要假装要下机了，20杀打野螳螂对盲僧,一脚踢断小炮W，25分钟神装金身瞎，打野盲僧对螳螂,居然被狐狸认出来了，爆炸伤害瞬秒上野，打野皇子对剑圣,泉水秒小法，打野盲僧对潘森,对面五杀小鱼超神武器，18杀尽力局，打野梦魇对武器
原地闪现太秀了，日常五杀被抢，中单皇子对岩雀,符能回声杀人书AP皇子，打野皇子对艾翁,主播秒人挂，RA螳螂就没了，打野皇子对螳螂,叶师傅教你逆风如何CARRY翻盘，打野皇子对武器,一Q四个小扎克，黄金翔还行，打野皇子对扎克,百分百命中EQ，被夺命追魂弹杀死了，打野皇子对猪妹,诶这波我很秀我能反杀他233，打野皇子对剑圣,伪四杀CARRY，日常自夸，中单皇子对卡牌
1提亚马特震出提莫秒掉，打团前先秒2个怎么输，打野皇子对巨魔,2完美节奏人头基本都和叶师傅有关，打野盲僧对狮子狗,3对面老鼠沙皇阵容好叶师傅独木难支，打野盲僧对皇子
华贵人机26分钟28杀带领队友取胜，中单皇子对辛德拉,24分钟31杀轻取五杀，中单皇子对拉克丝,今天第二个五杀，智取小龙龟，中单皇子对瑞兹,试一下海克斯闪现可以避开视野，打野皇子对剑圣,Q闪霸王枪捅死两人，对面大龙毁一生，打野皇子对猪妹,前期劣势也能起飞RA秒人，打野皇子对老鼠,摸一下兵你就要死，中单皇子对艾克,完美节奏19杀CARRY，打野盲僧对狮子狗
四杀皇子31杀帮小朋友戒网瘾，中单皇子对蚂蚱,抓崩上路反崩打野杀崩中单，打野皇子对狮子狗,用E骗剑姬W反克制轻松虐杀，中单皇子对杰斯,亚索你皮这一下真的开心吗，中单皇子对亚索,VN被疯狂落地秒游戏体验极差，中单皇子对劫,卡6秒杀屡试不爽，中单皇子对皎月,前期2-4也能起飞CARRY，中单皇子对蚂蚱
单带牵制，四进四出，灵活皇子，中单皇子对蚂蚱,被小鸟疯狂输出惨死，万金油出装能抗能输出，打野皇子对螳螂,男刀带个掠食者不尊重我？死！，中单皇子对男刀,四杀盲僧极限反杀女警，打野盲僧对老鼠
狂暴屠杀31杀带队友取胜，中单皇子对鱼人,终极技能帽减CD维鲁斯游戏体验极差，打野梦魇对盲僧,老鼠一出现就要死，帮老鼠戒网瘾，打野梦魇对赵信,这版本打野偷就完事了，打野皇子对人马,叶师傅沉迷梦魇秒AD快感，打野梦魇对狮子狗,预判EQ闪击飞隐身VN，中单皇子对安妮
帮盲僧戒网瘾，日常自卖自夸，打野皇子对盲僧,超神CARRY逆风翻盘，中单皇子对奥巴马,隐身螳螂带慎进场4V5翻盘，打野螳螂对皇子,中野都是1-11惨无人道，打野皇子对螳螂
五杀这种东西稍微认真一下就有了，打野皇子对凯隐,被破两路门牙被拔逆风翻盘，中单皇子对吸血鬼,蚂蚱上线就死，27杀4W输出冠绝全场，中单皇子对蚂蚱,日常华贵人机屠杀，中单皇子对卡萨丁,抓人时EQ不要轻易交，等别人位移了再交，打野皇子对剑圣
五杀皇子输出比队友加起来都高，中单皇子对卡牌,28分钟282刀23-2-16完美战绩，中单皇子对虫子,隐身杀神秒人如砍瓜切菜，打野螳螂对盲僧,VN把我惹到了他没有意识到问题的严重性，中单皇子对亚索,蚂蚱被虐超鬼，要学会躺赢的技巧，中单皇子对蚂蚱,日常华贵人机屠杀，中单皇子对劫
25分钟30杀杀戮盛宴，打野螳螂对盲僧,土豪型打野，回家就是5千6千可以买英雄，打野皇子对龙女,电刀无尽膨胀出装，后期还是换回半肉更合适，打野皇子对盲僧,娜美你送我回家你摊上大事了233，中单皇子对安妮,E到大虫子嘴边被一口咬死了233，打野男枪对龙龟,25杀尽力翻盘惜被偷家，打野皇子对盲僧
稳一点出个无尽之盾，德玛西亚自相残杀，打野皇子对赵信,试一把莫甘娜打野，一波与反一波，打野莫甘娜对盲僧,带了惩戒打中单，可以惩戒抢2，中单皇子对蚂蚱,高地塔全部被拔，12-1-19完美翻盘，打野皇子对龙女,五杀是不存在的，塔下空Q甩锅给键盘233，打野皇子对老鼠
第三期
电刀无尽暴力出装年轻人不要模仿，打野皇子对猴子,主播边打边感谢礼物关注了，打野皇子对螳螂,老阴B日常草丛蹲AD，打野皇子对盲僧,17杀0死无解打野，打野皇子对寡妇
别走给你看个大宝贝，五杀打野皇子对盲僧,剑圣0-15帮剑圣戒网瘾，打野皇子对剑圣,大招关灯夺命追魂瞬杀提莫，打野梦魇对猪妹,吸血流皇子32杀7W5输出无情四杀，打野皇子对小丑,大龙被抢人生污点233，打野皇子对凯隐,队友送人头23杀尽力局，打野盲僧对寡妇
一次五杀一次四杀，小兵MVP，打野皇子对剑圣,火影劫秀得水乱流，中单劫对皎月,穿甲杰斯Q谁会怀孕，中单杰斯对泽拉斯,爆炸伤害28杀CARRY翻盘，中单辛德拉对沙皇,1V3丝毫不怂，杀人红尘中，脱身白刃里，打野皇子对人马,一分钟一人头30杀戒网瘾，打野螳螂对武器,抓下提款，四杀结束，打野皇子对龙女,秒VN就完事了，VN游戏体验极差，打野皇子对刀妹,移形换影反杀剑圣，打野盲僧对剑圣
30杀杀神天秀对面中上野，打野皇子对盲僧,27杀皇子2V4轻轻松松四杀，打野皇子对男枪,日常华贵人机屠杀，打野皇子对蛮王
36杀五杀战神带领队友取胜，中单皇子对天使,四杀没有五杀系列，千珏0-11太惨了吧，打野皇子对千珏,EQ强制位移无视瞎子R，看完我想买个奶妈，打野皇子对盲僧,杀人如饮水，20分钟22杀，打野皇子对剑圣,能抗能输出，打野皇子对龙龟
25分钟神装为所欲为，打野皇子对豹女,29杀比对面人头总数还多，中单皇子对小法,四杀皇子虐杀对面中野，中单皇子对小法,狮子狗疯狂针对叶师傅，然后还是被秒杀，中单皇子对沙皇,秒人挂开一下，见谁秒谁，打野皇子对巨魔,有时候太长了也不好，色情主播我报警了，打野皇子对剑圣
一R双杀，秀得对面头晕，打野皇子对盲僧,蜻蜓点水20杀，打野螳螂对盲僧,细节操作，EQ进场，完成三杀，打野皇子对猪妹,老阴B蹲了分半钟草丛阴死奥巴马，打野皇子对EZ,完美配合2V2极限双杀，打野皇子对盲僧
叶老师犀利操作，讲解细致，CARRY翻盘，打野皇子对奥拉夫,导弹准备，EQA秒VN，打野皇子对螳螂,打野让人头是情分，不让是本分，打野皇子对武器,2333说好的EQ闪不会空呢，打野皇子对盲僧,把你的gui头都打烂了，色情主播，打野皇子对龙龟
一分钟一人头1V4轻松四杀，中单皇子对阿卡丽,皇子+加里奥为所欲为组合，打野皇子对千珏,闪现A跳蛋天秀三杀，打野盲僧对人马,超然符文594攻击力爆炸伤害，中单皇子对流浪,豹女5-17也太可怜了，中单皇子对豹女,料事如神叶半仙，打野皇子对螳螂
打团思路清晰，四杀五杀随手可得，打野皇子对螳螂,麻瓜双C负责送，打野辅助2V5，打野皇子对梦魇,奥巴马被杀放弃治疗了，W可挡劫的R，打野梦魇对螳螂,队友无脑带，21杀带领麻瓜队友翻盘，打野皇子对蔚,缺钱就去找一下对面AD提款，打野皇子对人马,大龙团先秒AD三进三出完美取胜，打野皇子对盲僧,铂金人机砍瓜切菜，打野皇子对盲僧
32杀四杀皇子和辅助2V5，极限1V2，打野皇子对盲僧,1V4双杀，没事我魔抗高他打不动我，打野皇子对龙女,新司机好好看好好学做好笔记，打野皇子对寡妇
打野25分钟25杀300刀，一R秒VN，打野皇子对剑圣,移形换影瞎20杀，惩戒Q击杀皇子，打野盲僧对皇子,前期叶师傅三杀起飞注定这场就是屠杀了，打野皇子对剑圣,请叫我叶独秀，打野皇子对盲僧,蒂花之秀秀死螳螂，打野皇子对螳螂
1皇子vs猪妹16-1,2螳螂vs猪妹28-2,3凯隐vs豹女26-3,4男枪vs皇子25-5,5千珏vs盲僧16-4,6木木vs挖掘机13-7,7人马vs皇子17-2,8狮子狗vs赵信18-5,9塞拉斯vs螳螂13-4,10皇子vs赵信12-3,11潘森vs巨魔+凤凰10-1
1凯隐vs瞎子14-4,2螳螂vs人马12-0,3小丑vs瞎子6-3,4皇子vs剑圣19-2,5男枪vs小丑19-1,6寡妇vs末日23-4,7死歌vs皇子8-2,8狮子狗vs青钢影13-4,9人马vs日女22-0
我的影片17
1皇子vs蒙多16-2,2瞎子vs挖掘机12-8,3螳螂vs酒桶18-4,4小丑vs木木12-0,5梦魇vs猪妹17-6,6男枪vs木木15-0,7狮子狗vs瞎子13-6,8酒桶vs豹女20-0,9皇子vs豹女9-5
1皇子vs男枪21-1,2塞拉斯vs猪妹12-1,3凯隐vs螳螂8-8,4螳螂vs瞎子14-9,5酒桶vs蛮王8-2,6狮子狗vs皇子16-2,7豹女vs艾克7-3,8死歌vs蜘蛛12-5,9男枪vs梦魇12-1,10小丑vs豹女23-5,11皇子vs梦魇15-2
1螳螂vs男枪23-3,2皇子vs梦魇15-1,3男枪vs蜘蛛21-6,4艾克vs蜘蛛13-4,5塞拉斯vs男枪13-7,6狮子狗vs凯隐20-1,7凯隐vs皇子23-5,8梦魇vs瞎子23-2,9酒桶vs豹女12-0,10艾克vs死歌22-4,11皇子vs凯隐10-1
1凯隐vs艾克17-3,2男枪vs岩雀16-6,3螳螂vs皇子9-0,4塞拉斯vs梦魇27-2,5狮子狗vs大树18-4,6狗熊vs皇子13-2,7千珏vs瞎子19-7,8人马vs皇子25-4,9螳螂vs狮子狗12-0,10皇子vs瞎子10-3
我的影片3
1皇子vs凯隐21-4,2艾克vs乌迪尔20-5,3螳螂vs龙龟13-4,4酒桶vs螳螂14-5,5梦魇vs猪妹18-3,6皇子vs寡妇13-1,7男枪vs螳螂14-3,8千珏vs剑圣12-3,9老鼠vs寡妇32-5,10皇子vs小丑14-1
1皇子vs瞎子11-1,2男枪vs皇子23-5,3蒙多vs狼人15-6,4杰斯vs石头人11-5,5凯隐vs男枪26-6,6螳螂vs瞎子29-2,7千珏vs青钢影15-4,8狮子狗vs螳螂20-2,9酒桶vs螳螂23-4
1螳螂vs男枪6-6,2皇子vs螳螂9-1,3小丑vs皇子16-1,4梦魇vs瞎子14-1,5狮子狗vs瞎子21-3,6人马vs酒桶11-4,7男枪vs人马8-7,8酒桶vs蜘蛛18-3,9塞拉斯vs螳螂22-2
1皇子vs瞎子13-4,2塞拉斯vs人马16-9,3狮子狗vs皇子25-4,4男枪vs皇子17-3,5艾克vs蜘蛛11-8,6酒桶vs瞎子16-2,7皇子vs男枪15-3,8AP龙女vs男枪19-1
1皇子vs螳螂14-1,2石头vs瞎子14-4,3螳螂vs老鼠19-1,4凯隐vs男枪13-1,5狮子狗vs龙龟16-7,6男枪vs赵信16-0,7老鼠vs螳螂21-11,8蜘蛛vs皇子19-1,9梦魇vs瞎子15-2,10皇子vs梦魇30-2
我的影片11
1皇子vs螳螂13-2,2提莫vs瞎子17-1,3卡牌vs皇子26-3,4螳螂vs龙女25-3,5狮子狗vs蒙多17-3,6皇子vs艾克20-4,7凯隐vs塞拉斯27-2,8千珏vs蛮王9-5,9皇子vs凯隐21-1,10人马vs梦魇11-5
1皇子vs龙龟13-2,2提莫vs蔚9-11,3螳螂vs瞎子34-2,4男枪vs塞拉斯27-3,5龙女vs人马14-5,6诺手vs男枪25-3,7梦魇vs皇子20-3,8狮子狗vs螳螂12-1,9皇子vs寡妇11-1,10酒桶vs豹女13-3,11千珏vs豹女24-8
我的影片17
1皇子vs瞎子20-2,2螳螂vs瞎子20-0,3男枪vs武器9-5,4凯隐vs皇子19-1,5EZvs螳螂28-5,6皇子vs螳螂28-1,7炼金vs艾克9-4,8老鼠vs瞎子8-5,9皇子vs梦魇22-3,10酒桶vs豹女14-3,11木木vs豹女11-0
1皇子vs螳螂16-3,2卡牌vs挖掘机13-4,3诺手vs螳螂20-6,4螳螂vs寡妇18-3,5狮子狗vs赵信18-3,6皇子vs剑圣15-6,7男枪vs艾克23-6,8木木vs凯隐7-0,9千珏vs寡妇11-2,10鳄鱼vs皇子16-4,11皇子vs人马22-5
1狮子狗vs豹女21-4,2皇子vs盲僧20-2,3男枪vs凯隐9-4,4酒桶vs螳螂20-3,5螳螂vs武器26-5,6凯隐vs瞎子24-9,7皇子vs梦魇8-4,8提莫vs人马15-3,9卡牌vs赵信13-3,10梦魇vs皇子21-6,11皇子vs龙龟16-0
1木木vs男枪20-3
1龙女vs扎克17-0,2皇子vs瞎子20-5,3蔚vs男枪22-1,4酒桶vs瞎子11-1,5泰坦vs武器13-3,6螳螂vs凯隐32-3,7狮子狗vs剑圣9-2,8皇子vs龙龟30-2,9蜘蛛vs猪妹19-1,10梦魇vs豹女17-4,11龙女vs瞎子12-0,12皇子vs瞎子7-2
1螳螂vs瞎子16-2,2男枪vs龙龟4-4,3酒桶vs皇子19-1,4木木vs男枪20-3,5狮子狗vs皇子12-2,6皇子vs螳螂27-2,7千珏vs死歌21-4,8发条vs豹女4-4
1螳螂vs塞拉斯23-3,2狮子狗vs木木12-8,3皇子vs酒桶9-2,4蜘蛛vs螳螂21-0,5卡尔玛vs瞎子20-1,6螳螂vs瞎子31-7,7狮子狗vs瞎子18-5,8皇子vs瞎子21-3
1螳螂vs皇子19-2,2皇子vs皎月20-1,3提莫vs男枪20-3,4凯隐vs螳螂23-4,5龙女vs木木13-3,6艾克vs男枪15-4,7提莫vs皇子17-2,8狮子狗vs男枪11-3,9皇子vs赵信9-5
1螳螂vs剑圣26-5,2皇子vs瞎子16-4,3蔚vs瞎子5-5,4螳螂vs瞎子12-4,5酒桶vs男枪24-1,6龙女vs赵信19-2,7妮蔻vs瞎子24-5,8蜘蛛vs塞拉斯25-6,9皇子vs死歌14-6
1小丑vs艾克11-4,2螳螂vs青钢影22-0,3酒桶vs剑圣21-3,4螳螂vs皇子31-0,5盖伦vs小丑31-6,6盖伦vs瞎子21-2,7龙女vs瞎子19-2,8皇子vs瞎子15-1,9狮子狗vs螳螂20-5,10皇子vs蜘蛛17-3
我的影片20
我的影片1
1皇子vs瞎子19-5,2螳螂vs瞎子17-1,3大嘴vs挖掘机20-7,4狮子狗vs瞎子23-3,5酒桶vs皇子7-0,6皇子vs螳螂11-4,7男枪vs猴子12-4,8螳螂vs男枪20-6
1蜘蛛vs螳螂12-10,2螳螂vs皇子17-5,3龙女vs瞎子17-2,4酒桶vs男枪25-0,5狮子狗vs奎因13-3,6盖伦vs酒桶23-2,7螳螂vs梦魇12-4,8皇子vs瞎子19-0,9铁男vs梦魇12-2
1小丑vs赵信20-1,2皇子vs酒桶33-1,3盖伦vs酒桶30-3,4螳螂vs艾克20-2,5狮子狗vs剑圣19-5,6龙女vs蔚20-0,7小丑vs狼人21-2,8千珏vs瞎子18-4,9男枪vs瞎子14-1,10皇子vs酒桶17-0,11人马vs豹女26-4
1皇子vs螳螂18-1,2龙女vs豹女17-5,3螳螂vs武器36-3,4千珏vs瞎子16-0,5蜘蛛vs瞎子26-2,6皇子vs龙龟10-3,7卡牌vs狼人11-5,8瞎子vs男枪8-1,9盖伦vs瞎子12-0,10穿越火线
1皇子vs小丑22-4,2螳螂vs瞎子21-5,3狮子狗vs男枪15-8,4蜘蛛vs梦魇19-1,5螳螂vs皇子17-2,6千珏vs瞎子21-5,7龙女vs瞎子20-5,8盖伦vs扎克21-2,9男枪vs瞎子10-1,10皇子vs瞎子12-1
1皇子vs猴子21-1,2龙女vs螳螂16-6,3螳螂vs男枪29-3,4狮子狗vs皇子15-2,5男枪vs瞎子8-0,6小丑vs皇子21-1,7蜘蛛vs人马15-0,8提莫vs瞎子19-2,9老鼠vs皇子20-2,10诺手vs皇子21-3,11蔚vs小丑27-2,12酒桶vs皇子14-1
1螳螂vs男枪26-5,2酒桶vs凯隐16-4,3皇子vs剑圣18-1,4盖伦vs酒桶23-2,5艾克vs人马6-4,6老鼠vs瞎子26-8,7EZvs皇子14-3,8皇子vs死歌11-1,9兰博vs皇子9-9,10蔚vs螳螂19-4,11酒桶vs石头人24-0,12皇子vs螳螂20-1,13螳螂vs龙龟15-3
1蜘蛛vs巨魔23-5,2螳螂vs死歌11-0,3蔚vs人马15-2,4皇子vs男枪14-2,5盖伦vs瞎子22-4,6狮子狗vs剑圣15-2,7诺手vs男枪10-7,8皇子vs挖掘机16-7,9龙女vs人马14-4
我的影片9
1皇子vs酒桶22-4,2螳螂vs蜘蛛14-3,3盖伦vs蜘蛛17-3,4龙女vs瞎子21-1,5蜘蛛vs瞎子21-2,6提莫vs寡妇13-8,7狮子狗vs皇子16-3,8男枪vs瞎子21-1,9皇子vs赵信11-6,10酒桶vs皇子6-1,11盖伦vs艾克24-2,12龙女vs剑圣26-3
1皇子vs努努11-1,2螳螂vs剑圣17-1,3小丑vs皇子20-2,4龙女vs皇子10-4,5男枪vs？13-0,6皇子vs蜘蛛22-11,7蔚vs瞎子26-1,8酒桶vs皇子7-5,9千珏vs小丑21-8,10男枪vs青钢影3-0,11皇子vs日女16-6,12酒桶vs奇亚娜15-1
1皇子vs瞎子21-7,2蜘蛛vs人马22-7,3男枪vs千珏21-0,4螳螂vs凯隐27-3,5豹女vs皇子19-4,6龙女vs瞎子17-2,7狮子狗vs瞎子14-1,8皇子vs瞎子11-4,9凯隐vs石头人14-6,10酒桶vs琪亚娜22-3
1龙女vs凯隐9-4,2皇子vs螳螂20-1,3螳螂vs人马25-0,4千珏vs兰博17-7,5皇子vs瞎子9-1,6男枪vs琪亚娜22-2,7火男vs猴子9-1,8狮子狗vs皎月19-5,9酒桶vs凯隐20-5,10小丑vs螳螂35-1,11梦魇vs剑圣26-2
我的影片2
1皇子vs艾克14-6,2劫vs凯隐13-4,3螳螂vs皇子19-6,4小丑vs螳螂23-1,5火男vs皇子23-1,6蔚vs猴子11-0,7皇子vs蜘蛛17-1,8男枪vs岩雀12-5,9酒桶vs瞎子12-3,10龙女vs小丑17-3,11皇子vs瞎子21-4,12人马vs瞎子15-6
我的影片6
1皇子vs蔚12-2,2蔚vs男枪14-3,3男枪vs酒桶16-1,4老鼠vs剑圣24-3,5螳螂vs石头人13-2,6提莫vs凯隐11-2,7皇子vs瞎子19-3,8狮子狗vs梦魇16-3,9卡牌vs皇子4-1,10龙女vs剑圣15-3,11皇子vs艾克18-4
1皇子vs瞎子10-4,2老鼠vs蔚22-4,3火男vs男枪20-0,4日女vs梦魇19-6,5虫子vs瞎子22-6,6泰坦vs龙龟19-1,7狗熊vs狮子狗18-2,8小炮vs猪妹24-2,9诺手vs男枪13-2,10卡牌vs艾克18-5,11提莫vs男枪18-7,12皇子vs凯隐13-0
我的影片13
1皎月vs皇子20-3,2鳄鱼vs蔚9-0,3凯隐vs蜘蛛14-7,4火男vs蜘蛛17-2,5莫甘娜vs蜘蛛14-4,6VNvs酒桶9-3,7龙女vs瞎子14-7,8皇子vs酒桶24-2,9提莫vs瞎子21-1,10酒桶vs武器27-4
我的影片9
1男枪vs螳螂25-2,2皇子vs瞎子23-3,3千珏vs狮子狗20-4,4蔚vs蜘蛛16-4,5老鼠vs瞎子23-6,6狮子狗vs螳螂17-5,7皇子vs人马15-1,8酒桶vs螳螂11-4
1皇子vs豹女14-1,2蔚vs塞拉斯22-2,3木木vs酒桶17-6,4螳螂vs赵信12-6,5男枪vs螳螂10-8,6皇子vs千珏13-1,7小炮vs男枪20-6,8酒桶vs梦魇15-3,9皇子vs龙龟14-1,10狮子狗vs男枪16-4,11皇子vs武器10-0,12蔚vs奥拉夫15-1
1皇子vs凯隐30-1,2无限火力皇子45-7,3螳螂vs蜘蛛28-3,4火男vs瞎子23-7,5蔚vs皇子11-1,6皇子vs艾克11-3,7狮子狗vs皇子21-6,8男枪vs螳螂15-2,9龙女vs瞎子8-6,10皇子vs螳螂20-3,11梦魇vs琪亚娜22-3
我的影片17
1皇子vs酒桶13-1,2螳螂vs皇子27-1,3狮子狗vs皇子13-2,4火男vs努努17-1,5诺手vs武器15-5,6蔚vs艾克17-1,7皇子vs琪亚娜20-2,8小炮vs大虫子11-5,9梦魇vs螳螂13-3,10男枪vs豹女12-3,11皇子vs瞎子11-4,12酒桶vs蜘蛛27-7
1螳螂vs酒桶21-1,2皇子vs豹女15-0,3狮子狗vs皇子20-12,4男枪vs凯隐17-3,5艾克vs瞎子18-6,6皇子vs梦魇19-2,7老鼠vs凯隐28-7,8酒桶vs寡妇13-1
1皇子vs蜘蛛24-4,2蔚vs皇子23-4,3螳螂vs莫甘娜8-1,4卡牌vs剑圣28-4,5德莱文vs瞎子9-7,6龙女vs瞎子22-1,7老鼠vs剑圣31-3,8艾克vs末日22-2,9狗熊vs千珏8-1,10酒桶vs螳螂21-2,11皇子vs瞎子6-6
1皇子vs螳螂17-7,2瑞文vs小丑22-7,3酒桶vs男枪21-2,4蔚vs皇子13-5,5皇子vs梦魇21-3,6螳螂vs皇子25-3,7皇子vs剑圣24-2,8狮子狗vs死歌25-2,9梦魇vs瞎子20-4,10皇子vs青钢影25-3
我的影片10
1皇子vs螳螂25-1,2琪亚娜vs皇子29-8,3诺手vs皇子12-1,4狮子狗vs螳螂20-0,5螳螂vs皇子16-0,6男枪vs赵信31-1,7酒桶vs梦魇11-0,8皇子vs瞎子28-1,9艾克vs凯隐25-2,10狗熊vs艾克15-7,11老鼠vs奥拉夫26-5,12皇子vs瞎子19-0,13人马vs努努25-2
1螳螂vs瞎子13-3,2皇子vs人马20-4,3老鼠vs蜘蛛28-4,4酒桶vs瞎子18-2,5皇子vs人马12-3,6龙女vs努努5-0,7男枪vs螳螂30-4,8蔚vs挖掘机23-4,9琪亚娜vs剑圣12-7,10梦魇vs皇子25-11,11皇子vs炼金19-2,12蜘蛛vs艾克19-3
1皇子vs木木21-2,2螳螂vs瞎子20-4,3蔚vs潘森8-3,4波比vs蜘蛛19-4,5男枪vs寡妇16-1,6酒桶vs剑圣29-0,7龙女vs螳螂24-3,8千珏vs琪亚娜22-3,9皇子vs瞎子25-1,10狮子狗vs螳螂14-2,11瞎子vs琪亚娜13-1,12狼人vs青钢影14-0,13螳螂vs凯隐34-5
1皇子vs豹女15-2,2酒桶vs蜘蛛9-0,3小炮vs男枪23-4,4螳螂vs瞎子27-2,5男枪vs琪亚娜14-1,6千珏vs男枪11-2,7艾克vs寡妇23-3,8皇子vs瞎子20-5,9老鼠vs梦魇22-5,10皇子vs瞎子20-2,11梦魇vs瞎子9-0
1皇子vs瞎子15-5,2螳螂vs狗熊21-2,3酒桶vs螳螂38-3,4蜘蛛vs螳螂14-2,5木木vs剑圣22-1,6诺手vs皇子8-9,7皇子vs酒桶9-0,8老鼠vs瞎子15-1,9蔚vs瞎子24-3,10皇子vs瞎子16-1,11千珏vs蜘蛛21-4
我的影片26
1皇子vs瞎子21-1,2螳螂vs瞎子14-3,3蔚vs艾克12-10,4酒桶vs瞎子23-3,5狮子狗vs梦魇22-4,6豹女vs男枪28-5,7男枪vs艾克12-3,8酒桶vs瞎子20-0,9火男vs瞎子20-3,10皇子vs千珏26-3,11老鼠vs瞎子3-9,12千珏vs瞎子25-3,13皇子vs男枪6-2
我的影片33
我的影片19
1皇子vs狼人16-3,2艾克vs男枪23-6,3诺手vs瞎子17-2,4螳螂vs石头人32-4,5酒桶vs木木18-2,6皇子vs赵信20-2,7蔚vs剑魔25-4,8男枪vs蔚13-5,9老鼠vs皇子14-5,10皇子vs蜘蛛20-6
1皇子vs酒桶18-3,2螳螂vs赵信24-6,3男枪vs酒桶23-8,4狮子狗vs皇子19-0,5酒桶vs末日27-4,6皇子vs男枪14-3,7蔚vs扎克9-0,8千珏vs豹女29-4,9老鼠vs瞎子26-4,10皇子vs男枪15-3,11酒桶vs奥拉夫13-4,12皇子vs赵信7-1
我的影片38
1皇子vs酒桶23-2,2豹女vs瞎子19-0,3螳螂vs艾克26-1,4火男vs梦魇25-7,5酒桶vs艾克26-2,6狮子狗vs男枪12-1,7木木vs皇子22-3,8男枪vs剑圣14-2,9蔚vs人马19-0,10千珏vs人马10-5
1螳螂vs凯隐22-1,2蔚vs瞎子13-1,3火男vs乌迪尔9-3,4艾克vs豹女13-0,5皇子vs酒桶12-2,6狮子狗vs剑圣11-4,7酒桶vs瞎子12-3,8男枪vs剑圣18-3,9梦魇vs皇子24-7,10皇子vs螳螂12-1,11艾克vs螳螂13-3
我的影片42
1皇子vs男枪8-0,2男枪vs凯隐17-7,3凯隐vs瞎子22-2,4瞎子vs皇子10-3,5皇子vs螳螂15-4,6螳螂vs蜘蛛29-3,7蜘蛛vs艾克7-10,8艾克vs皇子26-8,9皇子vs死歌19-6,10狮子狗vs豹女9-4,11老鼠vs瞎子14-4,12瞎子vs豹女9-4
1皇子vs人马19-5,2螳螂vs狮子狗13-5,3艾克vs猪妹16-5,4蔚vs皇子21-5,5皇子vs蜘蛛23-0,6男枪vs蜘蛛27-6,7龙女vs瞎子14-6,8狮子狗vs螳螂15-4,9皇子vs瞎子22-4,10酒桶vs瞎子13-4,11皇子vs瞎子11-7
我的影片49
1皇子vs瞎子25-1,2蔚vs瞎子20-2,3男枪vs艾克10-2,4螳螂vs剑圣20-1,5酒桶vs皇子15-4,6皇子vs人马19-0,7狼人vs酒桶26-3,8梦魇vs蜘蛛13-2,9千珏vs蔚21-3,10螳螂vs剑圣22-2,11瞎子vs皇子17-3,12龙女vs艾克10-5
1皇子vs酒桶20-0,2EZvs凯隐3-6,3酒桶vs人马21-3,4千珏vs瞎子20-1,5男枪vs凯隐13-2,6皇子vs赵信16-3,7瞎子vs男枪17-1,8豹女vs老鼠24-4,9螳螂vs琪亚娜33-1,10酒桶vs赵信29-4,11皇子vs瞎子20-2,12木木vs岩雀22-4
1皇子vs瞎子15-1,2螳螂vs寡妇18-2,3凯隐vs皇子9-5,4酒桶vs凯隐23-8,5皇子vs瞎子18-2,6千珏vs瞎子14-7,7诺手vs瞎子16-2,8木木vs剑圣20-1,9老鼠vs艾克20-7,10皇子vs狼人16-3
1皇子vs豹女17-0,2狮子狗vs瞎子8-1,3人马vs螳螂20-4,4男枪vs皇子10-0,5螳螂vs瞎子19-2,6凯隐vs瞎子24-3,7皇子vs狮子狗21-5,8豹女vs瞎子4-5,9蔚vs瞎子16-10,10皇子vs瞎子22-2,11梦魇vs螳螂12-3,12瞎子vs千珏15-6
我的影片53
1皇子vs艾克23-0,2螳螂vs皇子11-6,3艾克vs剑圣22-7,4蔚vs寡妇25-4,5酒桶vs男枪14-4,6蜘蛛vs瞎子16-4,7皇子vs努努24-2,8男枪vs剑圣17-4,9豹女vs瞎子18-1,10螳螂vs赵信19-7,11皇子vs寡妇12-4,12瞎子vs挖掘机17-2,13皇子vs瞎子19-5
1皇子vs瞎子18-2,2瞎子vs螳螂13-3,3螳螂vs瞎子13-4,4艾克vs皇子16-4,5皇子vs瞎子16-1,6千珏vs琪亚娜18-4,7狼人vs皇子27-11,8男枪vs梦魇21-2,9皇子vs瞎子18-3,10螳螂vs皎月32-3,11岩雀vs瞎子10-1,12人马vs狼人14-3
我的影片5
我的影片1
1皇子vs小丑23-1,2龙女vs皇子18-2,3螳螂vs豹女40-3,4皇子vs瞎子25-0,5男枪vs瞎子23-1,6蜘蛛vs剑圣21-1,7狼人vs螳螂21-3,8皇子vs男枪24-3,9狮子狗vs剑圣20-7,10螳螂vs瞎子26-4,11皇子vs剑圣10-1,12瞎子vs小丑7-12,13皇子vs瞎子11-6
我的影片8
1皇子vs艾克22-1,2螳螂vs蜘蛛10-2,3奥拉夫vs瞎子22-2,4梦魇vs螳螂18-1,5皇子vs瞎子22-4,6瞎子vs剑圣23-3,7狮子狗vs蔚24-2,8皇子vs赵信24-1,9龙女vs剑圣19-5,10男枪vs凯隐17-1,11螳螂vs瞎子19-5,12皇子vs剑圣24-5,13人马vs男枪12-4
1皇子vs武器19-6,2螳螂vs瞎子17-1,3男枪vs螳螂1-3,4皇子vs瞎子18-2,5皇子vs剑圣11-2,6螳螂vs皇子10-5,7男枪vs龙女24-3,8皇子vs男枪11-0,9奥拉夫vs剑圣24-0,10皇子vs瞎子23-3,11皇子vs男枪9-8
1奥拉夫vs梦魇15-2,2皇子vs人马18-5,3螳螂vs瞎子21-1,4狼人vs瞎子6-6,5皇子vs龙女21-0,6瞎子vs剑圣17-2,7奥拉夫vs凯隐14-1,8皇子vs男枪17-2,9蔚vs扎克15-5,10皇子vs豹女17-1,11螳螂vs潘森16-6,12皇子vs瞎子20-1
1皇子vs螳螂28-2,2奥拉夫vs皇子15-3,3螳螂vs赵信21-3,4千珏vs瞎子8-4,5皇子vs赵信14-1,6火男vs剑圣19-4,7男枪vs螳螂23-2,8蜘蛛vs瞎子24-1,9皇子vs蛮王27-3,10酒桶vs蛮王31-2,11龙女vs皇子18-3,12螳螂vs梦魇23-4
1皇子vs瞎子11-6,2艾克vs皇子9-0,3龙龟vs瞎子17-4,4酒桶vs武器12-2,5奥拉夫vs蜘蛛20-3,6皇子vs男枪15-3,7螳螂vs艾克21-5,8狮子狗vs皇子4-4,9男枪vs梦魇20-2,10皇子vs千珏15-2,11皇子vs兰博20-2,12凯隐vs男枪22-5,13酒桶vs男枪9-0
我的影片7
1皇子vs男枪11-6,2奥拉夫vs皇子24-2,3皇子vs螳螂18-1,4螳螂vs剑圣13-2,5龙女vs瞎子27-4,6奥拉夫vs瞎子23-1,7火男vs皇子16-4,8皇子vs人马26-0,9瞎子vs龙女20-3,10螳螂vs男枪27-5,11皇子vs瞎子20-4
1皇子vs螳螂25-3,2龙女vs瞎子22-1,3螳螂vs瞎子23-4,4男枪vs皇子24-3,5梦魇vs狮子狗13-4,6奥拉夫vs瞎子19-0,7皇子vs赵信16-1,8狮子狗vs龙龟10-3,9瞎子vs奥拉夫17-4,10龙龟vs艾克28-1,11皇子vs阿木木25-5,12酒桶vs赵信7-0
1皇子vs寡妇3-1,2龙龟vs皇子12-4,3螳螂vs剑圣6-3,4酒桶vs凯隐14-0,5男枪vs皇子10-0,6皇子vs瞎子28-7,7奥拉夫vs瞎子20-7,8蜘蛛vs末日28-3,9皇子vs蔚14-5,10人马vs男枪26-5,11螳螂vs乌迪尔11-6
闪现验尸，四杀CARRY，打野皇子对亚索,幕刃有三宝，伤害减速把眼扫，打野皇子对盲僧,能抗能输出，23杀翻盘，打野皇子对龙龟,反复EQ进场，秒杀C位，戏耍猪妹慎，打野皇子对猪妹,反野刀理财鬼才，打野皇子对虫子
我的影片13
叶音符直播精彩集锦第四期
先抢蓝再杀大嘴，再当着大嘴面收三狼，简直土匪，打野皇子对大嘴,千珏0-12超鬼，帮千珏戒网瘾，打野皇子对千珏,酒桶到哪刷野都被叶师傅抓住杀掉，打野皇子对酒桶,杀人泉水中，滴血都不掉，打野皇子对盲僧,R抵消亚索的击飞，打崩对面中野，中单皇子对亚索,16-2-14完美CARRY，打野皇子对寡妇
1皇子vs凯隐20-8,2龙女vs龙龟15-2,3龙龟vs瞎子13-2,4梦魇vs瞎子8-0,5螳螂vs人马4-4,6皇子vs蜘蛛29-4,7奥拉夫vs男枪17-3,8男枪vs瞎子14-4,9皇子vs酒桶20-1,10螳螂vs瞎子31-1,11蜘蛛vs瞎子18-2,12皇子vs螳螂5-2
挑战4V5，轻松屠杀获胜，打野皇子对武器,31杀伪五杀CARRY，回马枪秀死中上，打野皇子对盲僧男枪,100%参团率！一神带3坑翻盘，打野皇子对凯隐,VN不会有E我的机会，打野皇子对龙龟,电甲和无尽之盾，稳得一批，打野皇子对螳螂,都是脆皮R谁谁死，打野梦魇对寡妇
出个兰顿之刃让他们绝望，打野皇子对男枪,五杀天天有之泉水五杀，舒服了，打野皇子对人马,18杀12助攻90%参团率，打野皇子对盲僧,1级被杀抢红依然21杀CARRY，打野皇子对凯隐,红被自家EZ拿了，惨被队友敌人针对，打野皇子对盲僧,秒杀超神老鼠带领孤儿AD翻盘，打野皇子对剑圣
一刀秒赵信，一刀一个小朋友，打野皇子对赵信,打猪妹这种肉先进化Q打持续输出，打野螳螂对猪妹,大招抵消小炮的R直接秒杀，打野皇子对狮子狗,铂金人机无情屠杀，打野皇子对赵信,敌我差距，27杀尽力局，打野梦魇对龙女
心理学家型打野叶师傅，了解你的一举一动，打野皇子对盲僧,24分钟260刀22-1-11支配峡谷见谁秒谁，打野皇子对扎克,21杀带麻瓜队友翻盘，打野皇子对EZ,地瓜之秀反杀小炮，打野皇子对盲僧
核弹流皇子瞬间秒杀四人轻取五杀！打野皇子对盲僧,26分钟六神装强的不行，打野皇子对盲僧,反爆螳螂杀至超鬼带起全场，打野皇子对螳螂,差钱就去找一下AD提款，打野皇子对螳螂,R石头躲掉石头R天秀，20杀尽力局，中单皇子对奎因
核弹流爆炸输出双五杀！打野皇子对剑圣,船长挂机，4V5轻松取胜，打野皇子对盲僧,秒杀艾克断节奏，果断开团就翻盘，打野皇子对盲僧,判断对面打野位置抓住打死，四杀CARRY，打野皇子对剑圣,细节用R抵消VN的E，打野皇子对寡妇,爆炸输出瞬秒盲僧，打野男枪对盲僧
核弹流出装不出打野刀见谁秒谁，打野皇子对螳螂,四杀皇子24分钟神装488攻击力一刀一个小朋友，打野皇子对剑圣,回马枪三杀天秀，26杀CARRY，打野皇子对兰博,寻找机会18杀逆风翻盘，打野皇子对盲僧
38分钟37杀375刀五杀皇子完美战绩，打野皇子对盲僧,19分钟酒桶只有6级，压酒桶8级，五杀皇子对酒桶,0-9开局28杀逆风翻盘，打野皇子对盲僧,这把吸血流，饮魔刀=怂逼刀=胜利之刀，打野皇子对龙女,三杀四杀唾手可得，27杀也只是基本操作，打野皇子对盲僧,哈哈哈手冷好多搞笑操作，打野盲僧对猪妹
别走让我摸一下你的蛋，打野四杀皇子对梦魇,皇子潘森走下套路，杀崩下路19杀CARRY,插个真眼当老鼠夹抓老鼠，打野盲僧对老鼠,19杀带孤儿队友逆风翻盘，打野螳螂对皇子,抓到一个偷蓝的大树把他树皮打烂，打野皇子对大树,A跳蛋害死AD233，打野皇子对寡妇
一局两个五杀，这也太给劲了，打野皇子对盲僧,五速鞋压榨狼人野区追杀敌人，32杀无情屠杀，打野皇子对狼人,日常五杀，都是基本操作，打野皇子对盲僧,一刀斩螳螂，蛮王R都开不出来，打野螳螂对瑞文,用R抵消虫子的Q就没有击飞了，打野皇子对剑圣,皮这一下可是要死的娃娃鱼，打野皇子对男枪,逆风五万三输出孤独CARRY独木难支，打野男枪对杰斯
走位躲钩A兵震死男枪，三杀接管大龙，打野皇子对男枪,R隔山打牛踢死兰博，手感火热秀的飞起，打野盲僧对兰博,细腻操作四杀CARRY，打野亚索对蜘蛛,极限反杀天使赵信，26杀CARRY，打野皇子对赵信,EQ闪请君入瓮，打野皇子对螳螂,EQ闪空了2333，打野皇子对扎克
R秒杀盲僧挡住蛮王细节回头躲叫鸡，打野皇子对盲僧,24分钟24杀铂金人机屠杀，打野皇子对酒桶,来砍我求死，JS：如你所愿，打野皇子对剑圣,泉水杀人20杀CARRY，打野皇子对龙女
对面都被杀得怀疑送人头了，30杀打野皇子对盲僧,侧面切后爆炸伤害瞬间四杀，打野皇子对男枪,这把带黑暗收割，顺风无人可挡，打野皇子对剑圣,跟着艾黎找到露露的位置然后秒杀，打野皇子对寡妇,R抵消小炮R，卡视野极限反杀盲僧，各种细节，打野皇子对盲僧,11分钟四杀7个头，游戏结束，打野皇子对武器,德玛西亚自相残杀，打野皇子对赵信
一脚3000血瞬秒女警无人可挡，打野人马对龙龟,人马教学，刷野路线、技能细节讲解，打野人马对凯隐,25杀一刀一个制裁韩服小朋友，打野皇子对瑞文,一脚踢死瑞文，泉水秒EZ，打野人马对瑞文,EQ空了反送1血233，敢反野就得死，打野皇子对蜘蛛,韩服的人支援挺快的，打野皇子对扎克,打野凯隐对木木，21杀尽力局
A一下1300血秒杀AD，轻取四杀，打野螳螂对赵信,Q中隐身螳螂丝血反杀满血螳螂，25CARRY翻盘，打野盲僧对螳螂,日常五杀，一次不死，打野皇子对龙龟,双四杀，泉水拿五杀失败233，打野皇子对剑圣,97%参团率，五杀被抢喜闻乐见，打野皇子对盲僧,调戏小萝莉，EQ闪无情追杀，打野皇子对盲僧,中单22分钟0-0-0终极混子233，打野皇子对武器
1V3极限三杀，25杀四杀CARRY，打野皇子对蜘蛛,黑暗收割螳螂2刀一个22杀逆风翻盘，打野螳螂对寡妇,出防装肉装没用的，只是多A两刀的事，打野皇子对盲僧,一分钟一人头，对面看到皇子就跑，24杀打野皇子对卡米尔,被自己的旗子卡位了断了4杀，打野皇子对猪妹,神TM强行双buff延长术，打野皇子对盲僧,日常华贵人机屠杀，打野皇子对狮子狗
五速鞋阿迪王，五杀34杀零助攻，打野皇子对龙女,传送德莱文？看我抓死你，打野皇子对虫子,AQ秒人，神出鬼没的死神，打野螳螂对寡妇,打野亚索0-9超鬼戒网瘾，打野皇子对亚索,化身科比轻取26杀天台换人，打野皇子对盲僧,2V4三杀丝毫不怂，打野皇子对盲僧
极限升3反杀卡萨丁，EQ闪秒VN根本反应不了，打野皇子对螳螂,蜻蜓点水收割战场潇洒三杀，打野螳螂对龙女,日炎剑圣给劲，先秒飞机让他毫无游戏体验，打野皇子对剑圣,逆风抢大龙找机会翻盘，打野皇子对盲僧,97%参团率，打团都是细节，打野皇子对盲僧,疯狂搞男枪，帮男枪戒网瘾，打野皇子对男枪,能针对我的只有我的队友，打野皇子对剑圣
伪五杀吊打钻石小朋友，打野皇子对螳螂,想抓上就红开，极限操作击杀上野，打野皇子对酒桶,狮子狗2-12也太惨了，打野皇子对狮子狗,老江湖打野五速鞋专治各种偷野小贼，打野皇子对寡妇,极限反杀日女三杀，21-2-15CARRY，打野皇子对豹女,被AD认出来了不过死活不承认，打野皇子对剑圣,队友五杀，能在叶师傅手上抢5个头不可思议，打野皇子对剑圣
泉水三杀，32杀对面又被怀疑送人头了，打野皇子对蔚,"心疼龙龟1-13,30杀峡谷杀神，打野皇子对龙龟",挑逗盖伦不成反被大宝剑插死，打野皇子对武器,爆炸伤害瞬秒火男，这出装太脆不能打正面，打野皇子对盲僧,下路压线抓下提款，23杀CARRY，打野皇子对螳螂,不只皇子厉害，23杀盲僧掌控战场，打野盲僧对梦魇,前期不怎么顺依然CARRY19杀，打野盲僧对猪妹
第五期
队友双排送人头，3V7五万输出30杀终极翻盘，打野盲僧对螳螂,下路被连越3次塔内心是绝望的，EQ闪R三级跳秒人，打野皇子对人马,一刀一个无情四杀，剑圣1-10电疗成功，打野皇子对剑圣,灵魂收割者，绝望无助的小提莫，打野皇子对寡妇,走到哪刷到哪杀到哪节奏爆炸，打野盲僧对皇子,瞬秒天使R都开不出来，细节解框回马枪三杀，打野皇子对男枪,Q惩戒R闪各种操作，帅的一批，打野盲僧对虫子
日常五杀，EQ中3人瞬间爆炸三杀，打野皇子对千珏,回头躲蛇女R惩戒Q反杀蛇女完成三杀，31杀六万输出尽力局，打野盲僧对猪妹,Q闪RQ秒AD，打团七进七出三杀取胜，打野盲僧对蔚,细节操作反杀蛮王，打野皇子对蛮王,Q摸眼R闪踢回中单，20杀四杀CARRY，打野盲僧对赵信,艾黎出卖了自己的主人，跟着艾黎追杀炸弹人，打野皇子对盲僧,被针对技能都留给叶师傅，边缘OB就完事了，打野螳螂对凯隐
1V4四杀！37杀峡谷杀神走到哪杀到哪，打野皇子对剑圣,打人马日常反蓝，29杀黑暗收割一刀一个，打野皇子对人马,阿狸游戏体验极差，一直被落地秒，29分钟32杀，打野螳螂对盲僧,R抵消蔚的R，20杀翻盘，这直播间没有什么不可能，打野皇子对蔚,R闪E闪熟练操作，凯隐被反得生活不能自理，打野盲僧对凯隐,哈哈叶师傅也不是每把都能打炸对面1V5的，打野皇子对螳螂,秒表联盟，冲泉杀露露太暴力了，打野皇子对盲僧,20杀零死虐杀华贵人机，打野皇子对剑圣
4V5四万七输出冠绝全程，比队友加起来都高，打野皇子对剑圣,丢E骗艾克大招回来秒杀，25杀CARRY，打野皇子对寡妇,四杀盲僧秀的飞起，20杀天台满人了，打野盲僧对挖掘机,这局势均力敌，战况胶着，打野皇子对螳螂,凯隐的反野刀一整局都做不出来，打野皇子对凯隐,抢蓝杀人一气呵成，中单帮挡火箭好队友，打野皇子对男枪,愣头青赵信被杀成2-10戒网瘾了，打野皇子对赵信
天使2-15游戏体验极差，WAQ秒人轻取四杀，打野螳螂对扎克,丝血反杀奥巴马极限四杀，打野皇子对酒桶,四万七最高输出23杀艰难取胜，打野皇子对螳螂,仇恨太高被针对疯狂追杀，叶师傅又丢大龙了，打野皇子对武器,10分钟3个头+幕刃，游戏结束，打野皇子对盲僧,对面双打野，队友亚索老想偷叶师傅野怪，17杀打野皇子对盲僧剑圣,叶师傅惨被皎月秒杀，吓得除了怂逼刀，打野皇子对赵信
24分钟六神320层魂泉水秒娜美，打野皇子对螳螂,中单6个女神泪，钻石分段4V6二十杀取胜，打野皇子对盲僧,2V4四杀，两个EQ就解决了太简单了，打野皇子对男枪,三路高地塔被拔鏖战50分钟终取胜，打野皇子对盲僧,85%参团率17-5-23CARRY艰难取胜，打野皇子对猪妹,日常老阴B，二草蹲AD，打野皇子对盲僧
闪现回马枪反杀男刀，大招抵消娜美R，打野皇子对乌迪尔,霸道总裁型打野：我来了这个头你必须得要，打野盲僧对皇子,蹲草老阴B，上线就杀你，打野皇子对剑圣,伤害太高R闪直接踢死了小法，打野盲僧对螳螂,EQA提亚马特这人就没了，打野皇子对盲僧,哈哈两次想秒VN都被反秀，打野皇子对猪妹,这个人他已经死了你知道吧233，打野盲僧对武器
38杀峡谷杀神一刀一个斩获五杀，打野皇子对猴子,细节惩戒小兵升6反杀中单，四杀打野皇子对盲僧,统统只要2枪，一套连招瞬秒娜美，打野皇子对剑圣,现在召唤师峡谷我说了算，见到我你就死了，打野螳螂对努努,两个大汉在高地墙下蹲人素质极差，一次不死稳得一批，打野皇子对老鼠,狮子狗惨遭落地秒，叶师傅被火男克死，打野皇子对狮子狗,假装打不过勾引反打EQR瞬间爆炸翻盘，打野皇子对酒桶,难得的武器打野，19杀CARRY，打野武器对盲僧
1V2极限反杀德莱文，打野皇子对人马,极限反杀盲僧闪现躲火箭，打野螳螂对盲僧,嘟嘟嘟鼠标又失灵了哈哈哈，27杀盲僧对凯隐踢穿全场,AQ秒剑圣，五万五输出22杀CARRY，打野男枪对剑圣,姜还是老的辣，反红专家，打野皇子对诺手,被对面强拆家了，19杀尽力局，打野皇子对寡妇
叶音符直播精彩集锦第六期
两路被破28杀螳螂6W最高输出CARRY翻盘，打野螳螂对努努,大招抵消沙皇大招跨栏坐死沙皇，打野皇子对盲僧,来无影去无踪，秒表反秀吸血鬼石头，26杀零死灵动螳螂完美CARRY,5分钟战士刀游戏结束，四杀打野皇子对盲僧,武器开E就踢开，流畅连招瞬杀武器，打野盲僧对武器,在野区我是无敌的，孤儿中单一直刷叶师傅野··打野螳螂对皇子,根据阵容合理出装，26杀等于对面总人头数，打野皇子对盲僧,又一个在叶师傅面前做偷野刀的年轻人，打野盲僧对梦魇
大招千伤瞬间爆炸，贱兮兮的努努，打野努努对盲僧,R抵消亚索击飞，扫描找小丑A一下秒杀，24分钟30杀打野皇子对小丑,忘换技能疾跑皇子百米赛跑冠军，追杀逃跑都实用，四杀打野皇子对龙龟,戏耍诺手成功反杀丝血逃跑，打野努努对盲僧,对面都没位移，感受绝望吧，打野人马对赵信,自信回头被反杀233，打野皇子对龙龟
皇一刀杀人只需一刀，蛮王艾克R都开不出来，伪五杀打野皇子对盲僧,细节三杀比的是胆量和准度，6W5输出比队友总输出高，打野皇子对人马,1V2连R都不需要，26分钟28杀，打野皇子对卡密尔,二塔疯狂养猪，有请下一位受害者，打野皇子对剑圣,日常五杀已完成，打野皇子对猴子,三级跳一R双杀，打野皇子对人马,小寡妇偷F6开被叶师傅制裁，打野皇子对寡妇
无论谁都是一脚踢死，37杀践踏一切，打野人马对蛮王,又一个五杀，30杀皇子太血腥暴力了，打野皇子对凯隐,人马五杀，踢到小炮生活不能自理，打野人马对皇子,日常五杀，1V2毫不费劲，打野皇子对盲僧,34杀铂金人机屠杀，一直杀人都没时间反野，打野皇子对武器,蜘蛛没野刷还要被杀成0-8，四杀打野皇子对蜘蛛,边缘OB当裁判惨被杀害，四杀打野皇子对盖伦,泉水也保不住你们，泉水秒杀AD，打野皇子对EZ
25层书900法强一E半血，戏耍对手真好玩，打野努努对剑圣,20分钟31杀太暴力了，EQR瞬间爆炸五杀，打野皇子对螳螂,32杀卡密尔一千真伤切人如切菜，打野卡密尔对盲僧,五速鞋幽梦无缝进草，出其不意秒杀脆皮，31杀打野螳螂对剑圣,560攻击力的人马，我这一脚下去你可能会死，打野人马对盲僧,两次塔下极限闪现躲拉克丝Q，36杀人头收割机，打野螳螂对龙龟,蚂蚱TP保小虫拆塔，队友有点细节的，打野皇子对剑圣
一脚上天，娜美女警只要出现在地图上就要死了，打野人马对剑圣,无解伤害AQ秒人残暴三杀，打野螳螂对皇子,一分钟一人头，刚开始练就这么CARRY，打野卡密尔对皇子,惩戒小兵升6秒学R但是剧本好像不太对，打野皇子对猴子,故意不打爆冰鸟蛋引人来救买一送一，打野皇子对剑圣,怀中抱妹杀，又是娜美女警惨被秒杀，打野皇子对豹女,一塔二塔高地连蹲3次AD，滑板鞋游戏体验极差，打野皇子对卡密尔
用R抵消瞎子的R，完全没被击飞，打野皇子对盲僧,闪现躲亚索风Q石头回血反杀盖伦天秀，打野努努对赵信,透视挂实锤，螳螂被秀的一脸懵逼，打野皇子对螳螂,9滴血极限四杀，28杀屠戮，打野皇子对男枪,疾跑E幽梦再加上大招就是四挡，打野人马对螳螂
二塔前草丛原子弹阴死AD，打野努努对盲僧,极限反杀艾克，一脚千伤瞬秒任何人，打野人马对皇子,智商碾压，男枪一直在反野与被杀的路上，四杀打野皇子对男枪,队友伤害不过万，一人屠杀对面五人，打野皇子对老鼠,25层书16杀CARRY翻盘，中期狗头太肥打不动，打野努努对赵信,18分钟21杀打投对面，男枪离超鬼只差一步，打野皇子对男枪,一脚超马，秒人如饮水，打野人马对卡密尔
一个E秒AD，草丛原子弹秒人挂实锤，打野努努对狮子狗,31杀7W输出一神带三坑，打野皇子对盲僧,被露露塔下反秀，变羊可以打断人马E太真实了，打野人马对盲僧,EQ闪取一血，一个EQ四个小扎克，打野皇子对扎克,刀妹打野，制裁下路双排小老板，刀妹也太好K头了,闪现捡魂可还行，有日女配合太舒服了，打野皇子对盲僧,好久不见的中单皇子，轻松单杀中野，打野皇子对卡牌,挂挡加速一脚带走ADC，打野人马对男枪
打野提莫对梦魇，戏耍梦魇，27杀CARRY,大招恐惧打断蚂蚱大招，一脚2000送蛮王上天，打野人马对盲僧,视频可以听到爆竹声，32杀对面估计新年不快乐，打野皇子对螳螂,6级没学R细腻操作依然能杀，伪五杀打野皇子对螳螂,疾跑E幽梦3段加速挂3挡一脚秒人，打野人马对盲僧,永远不要忽视皇子的旗子，精彩操作取四杀，打野皇子对螳螂,预判奥巴马E提前闪现，戏耍石头人，打野皇子对剑圣
明凯伤害爆炸团战收割五杀，打野凯隐对龙女,A兵升3W减速击杀诺手，细节操作1V3叶独秀，打野皇子对狮子狗,日常四杀没五杀，大招躲亚索风，打野皇子对稻草人,终结女警娜美的游戏体验，打野皇子对小丑,当面抢六鸟被狼人制裁，打野皇子对狼人,队友有点迷，叶师傅输出控制抗伤害尽力了··打野乌迪尔对寡妇,23杀人马独木难支，打野人马对皇子
34杀狂踢AD帮戒网瘾，被盯上根本跑不掉，打野人马对皇子,94%参团率，30杀一神带三坑，打野皇子对螳螂,反复EQ过墙戏耍敌人，打野皇子对盲僧,人马R也是无法被打断的，巧妙运用抵消薇恩E，打野人马对皇子,四连跳超远距离追杀狮子狗，伪五杀打野皇子对螳螂,用人马能打赢皇子，用皇子也能杀崩人马，实力碾压,真眼钓鱼，土匪强抢蓝buff，打野皇子对剑圣
21杀CARRY，要注重自己打团的目标，打野皇子对盲僧,霸气1V3给我跪下！打野皇子对盲僧,钻石局依然这么CARRY，打野皇子对龙女,日常用R抵消薇恩E，打野皇子对盲僧_clip,这把难打要认真点用四成实力，打野皇子对螳螂_clip
EQ无伤从一塔后去红区，野区横行霸道，打野皇子对猴子,死都要反野，E冰枪R惩戒无限减速，打野努努对凯隐,神仙打架，是人是狗都在秀，打野皇子对凯隐,距离不够闪现来凑，EQ闪秒杀劫，打野皇子对武器
小地图蕴含着无数细节，预判躲发条猪妹R，打野皇子对猪妹,1V3三杀，接下来就是屠杀环节，打野皇子对剑圣,军训一下赵信，压赵信6级，打野皇子对赵信,40分钟鏖战，26杀CARRY，打野盲僧对酒桶,能否20杀谁上天台真的太刺激了，打野皇子对螳螂,这么bang的小炮已经很久没见过了233，打野皇子对男枪,AD0-10，有心杀敌无力回天，打野皇子对努努
核弹流人马给小炮奶妈安排得明明白白的，打野人马对男枪,这瞎子居然能抢叶师傅的蓝和石头人，打野皇子对盲僧,一脚一个小朋友，32杀一神带三坑，打野人马对蜘蛛,乌鸦惨遭军训被连抓两次，打野皇子对梦魇,日常四杀没有五杀系列，打野皇子对狮子狗,带着慎的r进场gank有点厉害，打野卡密尔对龙女
K头之王K出五杀，打野皇子对武器,一局三个四杀就是没五杀，打野皇子对努努,2V4四杀，秀死上野两个弟中弟，打野皇子对男枪,第一次Q闪失败hh，打野皇子对男枪,前期大顺风被翻盘有点难受的，打野人马对剑圣,队友毫无输出，独木难支，打野卡密尔对巨魔
E攻击距离573比AD手还长，打野人马对小丑,心态破坏者，一脚把瑞兹踢下车，打野人马对猪妹,五速鞋野区隐身偷鸡秒杀AD防不胜防，打野螳螂对梦魇,小阴比想阴老阴比，太年轻了，打野皇子对狮子狗
一局双五杀，输出冠绝全场，打野皇子对盲僧,四杀人马一骑当千！小炮半空中被秒杀，打野人马对赵信,对面五个都可以一脚带走，无处可逃，打野人马对赵信,"压豹女6级轻松1V4,打野皇子对豹女",安排一下VN风女，终结他们的游戏体验，打野皇子对寡妇,残血1V4极限3杀，打野皇子对人马,25杀铂金人机杀戮，打野皇子对盲僧,两次越塔失败被杀hhh，打野皇子对螳螂
女警想赢就带他赢，3V7毫无问题，打野皇子对剑圣,细节A兵震死小法，超神皎月也阻挡不了叶师傅，打野皇子对酒桶,四杀皇子23分钟29杀，心疼对面，打野皇子对凯隐,两次大龙逼团失误有点艰辛，打野人马对螳螂,越塔杀猴子被反秀hhh，打野人马对螳螂,在召唤师峡谷里为所欲为，打野皇子对武器
成品
R抵消石头大招击飞也太帅了吧，打野皇子对瑞文,疾跑减肥还行，天马流星脚28杀翻盘，打野人马对盲僧,铁头螳螂一直想偷野刷，打野皇子对螳螂,一脚踢在真眼上hh，日常四杀，打野人马对皇子,红开转蓝直接反红拿一血，打野皇子对卡密尔
惩戒A兵升6击杀吸血鬼，各种细节，打野皇子对螳螂,23分钟神装伪五杀人马，打野人马对男枪,叶氏入侵反野大法好，日常K五杀，打野皇子对盲僧,艾黎出卖吸血鬼hh，找到吸血鬼直接干掉，打野皇子对千珏
Q闪惩戒抢红杀剑圣，27-0-8无敌CARRY，打野皇子对剑圣,32杀7W5输出武器无力翻盘，打野武器对巨魔,EQR三个瞬间爆炸，对面中上乱出装，打野皇子对梦魇,闪现四星E中进草跳杀龙女，打野狮子狗对龙女,上路火男疯狂提款，日常R抵消薇恩E，打野皇子对盲僧,中单送头队友麻瓜狮子狗独木难支，打野狮子狗对千珏,这服务器太烂了，疯狂跳ping，打野皇子对盲僧
五杀狮子狗狂暴33杀零助攻！打野狮子狗对凯隐,打野AD卡牌疯狂走A输出第一，打野卡牌对猴子,R抵消青钢影的E，半空击落小炮，打野皇子对梦魇,R抵消亚索风击飞，闪现验尸，打野皇子对猴子,细节A兵升级没被塔打死，然并卵，打野皇子对盲僧,看我怎么秀这辛德拉，奖励中单一个蓝，打野皇子对武器
一个人的人马表演秀，打野人马对剑圣,假装掉线勾引兰博，打野皇子对兰博,6W7输出32杀人马孤独CARRY，打野人马对武器,打野路线打野技巧反野都是可以学习，打野皇子对男枪,600+攻击力一脚一个小朋友，打野人马对赵信,1-4战绩开局也无妨，依然能翻盘，打野皇子对螳螂
五段隐身先斩小炮，再杀劫蜻蜓点水潇洒飞走，打野螳螂对小丑,箭来反杀获三杀，33杀皇子峡谷杀神，打野皇子对螳螂,用E骗剑姬W击杀，残血空蓝1V3，打野皇子对剑圣,杀人红尘中脱身白刃里，打野人马对皇子,凯旋回血极限三杀，Q闪斩获四杀，打野皇子对螳螂,何以治早？割以永治，打野皇子对狼人
日常五杀网管加钱，打野皇子对豹女,队友没操作没输出，抢大龙偷家取胜，打野人马对皇子,攻速1.96，这套出装不要学，我是练过的，打野皇子对潘森,93%参团率，一分钟就扭转局势，打野皇子对螳螂,见谁秒谁为所欲为，打野皇子对赵信
亚索掉线，不就是4V5嘛照样能赢，打野皇子对螳螂,33杀铂金人机屠杀帮戒网瘾，打野皇子对凯隐,EQ闪杀人就不浪费还很帅，五杀又没连起来hhh，打野皇子对盲僧,伪五杀皇子等级碾压螳螂5级，打野皇子对螳螂,手感好的皮肤就是吹弹可破，打野皇子对盲僧,布隆被动真强，看完想买个布隆，打野皇子对盲僧,拖到后期对面大嘴太猛，6W6输出回天乏术，打野皇子对机器
禽兽野辅连蹲下路两次，心疼大嘴露露，打野皇子对人马,大招抵消酒桶R杀人抢鸟一气呵成,想用E插死提莫却害死自己hh，打野皇子对凯隐,狗头：听说你是人民币玩家？打野皇子对剑圣,愣头青男枪一直反叶师傅蓝，四杀打野皇子对男枪,以前没有段位的都是天梯爬分，打野皇子对狮子狗
感动联盟，为救队友奋勇抗塔，打野螳螂对赵信,被小法制裁几次，出怂逼刀也没用hh，打野皇子对赵信,皇子旗子太好蹭助攻了，打野皇子对木木,太暴力对面不堪受辱直接投降，打野螳螂对兰博,中单崩盘AD乱玩，打的累，打野皇子对豹女
EQ进场3个盾为所欲为，四杀打野皇子对螳螂,他们会后悔做水银鞋不做护甲的，打野皇子对剑圣,每个人都经受不住时间的摧残hhh'，打野皇子对寡妇,杀崩AD打野逆风翻盘，打野梦魇对狮子狗
细节E躲辛德拉推完成击杀，打野螳螂对男枪,广告鬼才叶音符，水银鞋也能打广告，打野皇子对豹女,玩打野一定要有自己的思路判断，打野皇子对EZ,对面输出太炸，队友也在瞎搞，尽力局，打野皇子对豹女,叶师傅K头遇到对手了，打野皇子对凯隐
这把叶师傅立的flag有点多hh，打野皇子对人马,对面五杀吸血鬼太猛了，队友没输出，打野人马对猪妹,打野皇子对卡密尔，这把中期录制断开了一下··,耐心的人运气都不会差，打野皇子对盲僧
开W挡住盲僧的R，31杀打野梦魇对盲僧,只要出现在我视野范围内你就死了，打野人马对盲僧,这片野区我说了算，万军丛中取老鼠首级，打野螳螂对老鼠,技能该交就得交，不然容易出事，打野皇子对凯隐,EQ强制位移抵消泰坦R，对面中野有点惨，打野皇子对男枪,和蜘蛛神仙打架，上单崩盘4V6，打野皇子对蜘蛛,日常蹲草丛，有请下一位受害者，打野皇子对盲僧
第二期
剑姬掉线4V5，泉水取四杀，打野皇子对螳螂,难得的中单皇子，打中单没那么自由，中单皇子对炸弹人,上单不参团，33杀皇子打得真累，打野皇子对盲僧,切割机梦魇稳健出装无情四杀，打野梦魇对狼人,丝血反杀两个满血的，叫我皇一刀，打野皇子对剑圣,伪装与隐形的对决，闪现跳塔下隐身老鼠，打野螳螂对老鼠
想输都不给你输，上单6个女神泪1-14四打六，打野皇子对男枪,叶师傅第一次瑞文打野，虽生疏仍超神CARRY，打野瑞文对盲僧,被塔姆吃了反而没被大嘴炸hh，五杀打野皇子对龙龟,有输出能抗还能吸血疯狂续航，打野皇子猪妹,胜利之刀一出想输都难，打野皇子对虫子,R完全克制亚索，1V3三杀无压力，打野皇子对豹女,强行将小炮从半空框下来，打野皇子对赵信
AD掉线4V5四杀CARRY，打野皇子对乌迪尔,老阴比草丛阴人蹲了整整一分钟，打野梦魇对木木,23分钟28杀见谁谁死感受绝望，打野人马对盲僧,打野要掌握好刷和gank的节奏点，打野梦魇对皇子,打有禁锢的英雄R起手，禁锢后EQ，打野皇子对猪妹,跑进泉水也躲不过我的追杀，打野人马对男枪,闪现A兵震死大树，打野皇子对剑圣
往复EQ杀他个七进七出，打野皇子对男枪,我要去找回男人的尊严，疯狂立flag，打野武器对武器,新版螳螂加强了Q先进化Q，打野螳螂对剑圣,这游戏没有队友非常难，打野盲僧对皇子,18杀皇子独木难支，打野皇子对盲僧,队友全崩这战绩感人，打野人马对卡密尔
五杀皇子电疗戒网瘾，打野皇子对盲僧,小鱼人用了E技能就要死，打野梦魇对凯隐,让我照妖镜照一下你这个丑八怪，打野皇子对剑圣,三火龙580攻击力一人秒杀后排，打野梦魇对螳螂,叶师傅闪现撞墙蜜汁操作hhh，打野皇子对奥拉夫,细节打野怪蓄魂再gank，打野皇子对小丑,2V4四杀，一分钟一人头，打野皇子对盲僧
背刺仅用15秒单挑击杀大龙，打野小丑对盲僧,五杀梦魇，关灯落地脆皮死，打野梦魇对剑圣,掠食者疯狗奥拉夫，被我盯上就跑不了了，打野奥拉夫对猪妹,一脚两千直接上天，打野人马对龙女,给我一次机会我想当···打野皇子对盲僧,0-2开局是大家最喜欢滴逆风局，打野皇子对盖伦,闪现躲Q失败hh，18杀逆风翻盘，打野皇子对盲僧
九头蛇大饮魔刀双吸套装，打野皇子对盲僧,这波我们先秒AD升到6级再···不好意思我只有五级，打野皇子对寡妇,我这个点是死角他看不到我，打野皇子对盲僧,反个蓝被一个师的兵力追杀，打野皇子对盲僧,一脚一个小朋友，K头K不过女警233，打野卡密尔对剑圣,打团先手大招的天使2333，打野皇子对大虫子
压了盲僧6级160刀，盲僧毫无游戏体验，打野皇子对盲僧,越塔A兵被反杀hh，打野梦魇对猴子,大龙被抢，22杀螳螂依然CARRY取胜，打野螳螂对人马,思路清晰，完全预判亚索操作并克制，打野皇子对潘森,我一人就是一支军队，四杀打野皇子对剑圣,蜻蜓点水潇洒杀人，打野螳螂对皇子
迅捷步伐追杀流梦魇伪五杀CARRY，打野梦魇对剑圣,她从来没见过这么长的皇子，四杀打野皇子对男枪,扫描出影子，预判秒剑姬，打野皇子对剑圣,承受伤害秒杀后排，4V5打野人马对剑圣,30血极限三杀，打野皇子对猪妹
欢迎来到NOC的狩猎场，38杀四杀梦魇对猪妹,日常五杀完美结束，打野皇子对克烈,零之枪骑好帅啊，打野人马对狮子狗,给打野亚索安排明白了，打野皇子对亚索,漫不经心的单杀蕴含了200个细节，打野皇子对EZ,打野自带猴子宝宝跟随，打野皇子对寡妇,诚信主播借你两个兵待会帮你抓，打野皇子对赵信
一局游戏三次五杀！无敌打野皇子对男枪,泉水秒盲僧，压盲僧6级，四杀打野皇子对盲僧,31杀华贵人机屠杀，打野皇子对寡妇,迅捷步伐追杀敌人极限回血，打野梦魇对皇子,爆炸伤害落地秒，现在刷石头人F6慢了，打野螳螂对凯隐,艾翁一点还手能力都没有···打野皇子对艾翁,瞬间蒸发后排，双四杀打野皇子对狼人
用假身骗劫的R，真假难辨，五杀打野小丑对蔚,视防御塔如无物，越塔杀人潇洒离去，四杀打野皇子对石头,一刀秒杀AD，死一次算我输，打野小丑对皇子,对面就像一群小鸡毫无还手之力，打野皇子对薇恩,红开反蓝秒杀半血皇子套路，打野小丑对皇子,26分钟神装，我一人就是一支军队，打野皇子对盲僧,又要打伤害又要坐前排，野区极限1V2，打野皇子对卡密尔
30杀碾压铂金钻石局，打野皇子对狮子狗,29杀6W输出梦魇，可惜队友不给力啊，打野梦魇对剑圣,上中下全崩皇子94%参团率翻盘，打野皇子对盲僧,不死战神，大招抵消风女R，打野皇子对蝎子,也就叶师傅能把铂金1的局打成青铜局了，打野皇子对狗熊,版本不适合中单皇子所以不玩，四杀打野皇子对赵信
五杀皇子30杀CARRY，打野皇子对剑圣,QA提亚马特E秒杀脆皮，戏耍敌人，打野小丑对猪妹,羊刀梦魇幻影刀法一刀一个小朋友，打野梦魇对狮子狗,中单心态爆炸开送4V6，打野皇子对盲僧,绕视野gank轻取双杀，打野皇子对梦魇,轻松单挑大龙，打野小丑对皇子,打野心理学家，他在想什么我一清二楚，打野皇子对豹女
三级跳秒AD太霸道，五杀网管加钱，打野皇子对螳螂,好久不见的瞎子，25杀CARRY，打野盲僧对梦魇,切死C位，回首望月击飞3人完美团战，四杀打野皇子对盲僧,皇子被反得生活不能自理，打野小丑对皇子,阴死越塔连杀两次金克丝惨无人道，四杀打野皇子对男枪,野区透视尖子班，12313，打野皇子对卡莎,饮魔刀头盔振奋233魔抗不当人，打野皇子对赵信
神出鬼没出其不意一刀K头，打野小丑对男枪,沉着冷静跑路还能顺手杀风女，五杀打野皇子对盲僧,烬被秒得怀疑人生，超讨厌小法的E，打野人马对狮子狗,EQ闪EZ就算E出来了也被击飞，打野皇子对瑞文,分身真假难辨戏耍敌人，打野小丑对皇子
A一下秒杀满血烬，风女被秒得心态爆炸，打野皇子对酒桶,影帝假装走了让敌人放松警惕，打野小丑对EZ,被动AOE刮死隐身螳螂，打野梦魇对螳螂,兰顿之刃输出爆炸，打野皇子对剑圣,直接偷家就完事了，打野皇子对男枪,老阴比蹲了一分钟草丛，无敌打野皇子对狮子狗
秒人挂已开启，天马流星脚一击毙命，打野人马对螳螂,从野怪留下的死亡讯息判断凶手还没走远，打野皇子对猴子,假身先走吸引火力，抢火龙秒后排，打野小丑对剑圣,守望者铠甲这件装备输出很高的，打野皇子对亚索,一发入魂，实力操盘，打野小丑对大树,发条还想一级抢红，为什么要针对自己，打野皇子对赵信,没前排还是要做巨九胜利之刀的，打野皇子对螳螂
2.5攻速巨魔狂敲不止，专治莽夫打野，打野巨魔对赵信,EQA一个头，29杀统治峡谷，打野皇子对男枪,极限1V4四杀，打野皇子对剑圣,旗子卡住大虫子跑不了，打野皇子对虫子,主播只打人机，主要华贵人机偶尔璀璨人机，打野皇子对盲僧,先被VN秀，再EQ闪秀VN，打野皇子对潘森
31杀皇子天神下凡无人可挡，打野皇子对盲僧,能抗能输出无所畏惧，打野巨魔对凯隐,能拿到第二个蓝的中单，这是实力的认可，五杀打野皇子对螳螂,柱子卡得好，杀人没烦恼，打野巨魔对潘森,跳舞调戏塞恩尸体遭报应了hh，打野小丑对盲僧,盲僧5W最高输出，比双C加起来都高，打野盲僧对皇子,预判EQ闪击飞闪现妖姬，打野皇子对男枪
极限反杀EZ三杀起飞，EZ冰拳冰心hh，打野皇子对盲僧,27杀人马孤独CARRY，一脚一个小朋友，打野人马对千珏,打野注意帮优不帮劣，不能浪费优势，打野皇子对盲僧,野辅越塔被双杀hh，打野皇子对盲僧,瑞文打野？给你戒一下网瘾，打野皇子对瑞文
AP核弹流酒桶了解一下，八百法强打野酒桶对剑圣,AD核弹流酒桶了解一下，电刀无尽打野酒桶对武器,龟龟叶师傅居然做反甲冰心了，打野皇子对剑圣,酒桶QR秒VN，fire in the hole，打野酒桶对男枪,日常吊打华贵人机，四杀打野皇子对剑圣,稳一点出本杀人书吧，7百法强一Q半血，打野酒桶对螳螂,闪现躲石头R重回十八岁反应，打野皇子对石头人
叶师傅的女警！女警和机器的完美配合！，女警机器对寒冰露露,叶师傅怒抢大龙菜刀队逆风翻盘，打野梦魇对皇子,9成参团率CARRY光荣下播。打野皇子对蜘蛛,今天是尽力局局长，打野皇子对赵信,中上差距大，三路被破无力回天，打野皇子对男枪
预判对面下一步行动守株待兔，打野酒桶对皇子,杀人抢红还能骗个闪，我这装备真的强，打野皇子对青钢影,闪现过墙EQ杀人一气呵成，打野皇子对猴子,9成参团团CARRY取胜，打野皇子对狮子狗,30厘米的Q真长，1V2击杀中野，打野皇子对蔚,29杀重现江湖还行，打野皇子对寡妇
打野英雄池+1，打野巨魔对蛮王,神出鬼没一刀秒杀，打野小丑对盲僧,中国好队友帮拿五杀，打野皇子对扎克,这吧不说话用3成功力认真玩，打野皇子对木木,塔下也不安全，电光一闪灭生灵，打野螳螂对赵信,打个鸡儿团直接拆家就完事了，打野皇子对螳螂
中单DF二连救叶师傅中国好队友，30杀打野梦魇对盲僧,斜杠ff就是打团召集令，打出来队友就会团，打野皇子对剑圣,进化R就可以在野区为所欲为，完成不可能的操作，打野螳螂对剑圣,叶师傅的几个大招丢得辣眼睛，打野酒桶对梦魇,这里是K头直播间，从不让头，打野皇子对猪妹,两路被破逆风翻盘，打野皇子对赵信
柱子卡住AD成功击杀，无畏巨魔一往无前，四杀打野巨魔对扎克,遇到这种队友黑暗收割就很好用，因为他们会一直死hh，打野皇子对螳螂,哇一直飞下路素质极差，四杀打野梦魇对盲僧,预判Q闪霸王枪戳死隐身螳螂，打野皇子对螳螂,闪现警告，空大吓人，打野酒桶对男枪,这把叶师傅居然被剑姬杀了3次，有点少见，打野皇子对巨魔
打野皇子对剑圣,打野皇子对巨魔,打野皇子对梦魇,打野狮子狗对皇子
以一敌三showtime，我送你回家只需1秒，打野皇子对盲僧,15分钟抓投对面，打野豹女对赵信,你的禁锢对我无效，不死战神打野皇子对人马,盲僧2-11太惨了被戒网瘾，打野皇子对盲僧,5W输出瑞文花式秒AD，打野瑞文对人马
泉水拿五杀，德莱文游戏体验极差，打野皇子对青钢影,别怀疑我的手速和选牌，3.78攻速四杀打野卡牌对蒙多,一整场的杀戮，24分钟39杀，打野皇子对男枪,三杀四杀随便拿，打野狮子狗对男枪,可怜小酒桶1-11被压5级，打野皇子对酒桶,对面打野愣头青只会反野偷东西，打野皇子对男枪,日常屠杀铂金人机，打野皇子对赵信
被石头人卡主了被岩雀活生生打死hh，打野皇子对岩雀,比凯隐多了4W伤害，剑姬你冷静一下！打野皇子对凯隐,大招躲掉皇子EQ，武器追着假身一顿揍，打野小丑对皇子,反杀三人把对面心态打炸直接投降，打野盲僧对木木,会玩的风女还是挺克皇子的，打野皇子对盲僧
打野盲僧对石头,打野皇子对剑圣,打野小丑对潘森,打野皇子对梦魇,打野狮子狗对皇子,打野皇子对梦魇,打野皇子对剑圣,打野皇子对狮子狗
打野狮子狗对皇子,打野皇子对豹女,打野皇子对凯隐,打野皇子对猪妹,打野盲僧对剑圣
打野老鼠对豹女,打野皇子对凯隐,打野皇子对狮子狗,打野男枪对猴子,打野狮子狗对老鼠
打野皇子对剑圣,打野皇子对盲僧,打野皇子对人马,打野皇子对螳螂,打野男枪对巨魔
打野皇子对武器，五杀,打野男枪对盲僧，30杀,打野皇子对猴子,打野皇子对盲僧,打野皇子对男枪,打野皇子对赵信,打野人马对盲僧,打野狮子狗对男枪,打野狮子狗对岩雀
打野皇子对龙女,打野皇子对男枪,打野皇子对螳螂,打野男枪对皇子,打野男枪对巨魔
EQ击杀潘森接闪现挑飞火男，打野皇子对潘森,夭寿了叶师傅玩肉打野了，打野猪妹对盲僧,EQR三个瞬间爆炸，泉水五杀，打野皇子对螳螂,叶师傅的剑圣菜菜菜，打野剑圣对皇子,艾克TP偷家天台换人，四杀打野皇子对盲僧,火龙被抢了好气啊，打野皇子对猴子,5级男枪打不过3级赵信hh，打野男枪对赵信
凯旋续命，极限三杀，五杀打野皇子对千珏,32杀皇子，一个人就是一支军队，打野皇子对男枪,全都是K头怪，打野皇子对盲僧,等拉克丝Q禁锢之后再EQ，打野皇子对盲僧
闪现躲Q杀火男，打野皇子对男枪,闪现躲外圈Q杀诺手，瞎子不好C啊，打野盲僧对龙龟,队友没啥伤害又不配合，打野皇子对男枪
中单皇子对卡萨丁,打野皇子对盲僧,打野皇子对男枪,打野皇子对盲僧,打野皇子对男枪
一千真伤一脚一个小朋友，打野卡密尔对皇子,开R跳塔一千血，巨快的偷加速度，打野狮子狗对赵信,Q闪击飞两人，打爆他的G头，打野皇子对龙龟,EQ击飞纳尔再闪现击飞EZ，打野皇子对EZ,闪现进草躲派克E追杀，打野狮子狗对皇子,打野皇子对人马,打野皇子对剑圣
惩戒升6R杀辅助，这把有点秀，打野男枪对虫子,差点天秀可惜是闪现迁坟，打野皇子对盲僧,假装掉线罚站30秒，打野皇子对武器,命里有时终须有，交闪死3次，打野皇子对盲僧,3分钟泉水送人头放重开，肮脏，打野皇子对男枪,对面奇葩阵容，杰斯打野烬辅助，打野皇子对杰斯,打野男枪对梦魇,打野皇子对男枪
天秀秒钟物超所值，打野皇子对猪妹,青钢影+婕拉挺恶心的，打野男枪对凯隐,这个瑞文又刷新了，打野皇子对瑞文,叶师傅迷之EQ闪，打野皇子对盲僧,全是叶师傅打得输出，打野皇子对豹女,打野男枪对剑圣
边吃蜜桃边杀人，残血秀杀3人，打野皇子对努努,秀死蒙多，闪现A红BUFF，打野皇子对男枪,屠杀韩服人机，打野青钢影对奥拉夫,通灵之术召唤魔沼蛙帮忙，打野皇子对凯隐
死道友不死贫道，打野皇子对赵信,等他队友来救可以多拿一个头，打野皇子对男枪,卡视野反打瞬间爆炸，打野皇子对蝎子,Q闪E精准打击，打野皇子对剑圣,巨龙···擦亮眼····，打野皇子对努努
这把暴击流小朋友不要学，打野皇子对盲僧,25分钟27杀，打野皇子对凯隐,秀一波R闪，这服务器真烂，打野盲僧对酒桶,10-25大逆风CARRY翻盘，打野小丑对皇子,叶师傅又要展现团队地位了，打野皇子对梦魇,叶门弄皇，打野男枪对皇子
下路狂送30头，绝地翻盘质量局，打野皇子对瑞文
闪现躲Q反杀盲僧，4杀打野男枪对盲僧,超长的Q闪霸王枪，打野皇子对武器,快乐雪人，在线被杀，打野皇子对努努,男枪又刷新了！打野皇子对男枪,丝血被炮台反杀hh，打野狮子狗对男枪,一旗子插死龙女，相爱相杀，打野皇子对龙女,不会死，锁住！打野皇子对龙龟
打野酒桶对皇子,打野皇子对盲僧,打野皇子对金属,打野酒桶对寡妇,打野皇子对努努,打野皇子对豹女,打野酒桶对盲僧
打野酒桶对男枪,打野皇子对盲僧,打野皇子对稻草,打野皇子对凯隐,打野皇子对巨魔,打野酒桶对剑圣
打野奥拉夫对剑圣,中单奥巴马对佐伊,打野皇子对青钢影,打野男枪对努努,打野皇子对男枪,打野皇子对努努,打野男枪对剑圣
打野皇子对男枪,打野皇子对寡妇,5星Q砍野怪身上了，打野狮子狗对老鼠,这皇子不会玩，没看过斗鱼12313，打野青钢影对皇子,打野皇子对盲僧,打野男枪对寡妇
25分钟37杀五杀皇子，打野皇子对猴子,打野酒桶对盲僧,打野皇子对人马,打野皇子对男枪,打野皇子对盲僧,打野皇子对男枪,打野皇子对梦魇
奥德赛皮肤特效好，蓝凯快乐游戏，打野凯隐对剑魔,R进塞恩强行上车，打野凯隐对猴子,打野皇子对剑圣,打野皇子对寡妇,打野皇子对盲僧
超越一分钟一人头，打野皇子对寡妇,半血秀四杀，极限反杀中上，打野皇子对蜘蛛,闪现躲伤害反身EQ反杀凯隐，打野皇子对凯隐,25层书酒桶EAQ秒AD，打野酒桶对岩雀
在泉水里为所欲为，打野皇子对螳螂,WQA瞬秒盲僧，打野凯隐对盲僧,敢反叶师傅的红BUFF，打野皇子对酒桶,打野酒桶对皇子,我们把皇子杀一次就投降，打野皇子对男枪,打野皇子对盲僧
打野皇子对螳螂,打野男枪对剑圣,打野皇子对螳螂,打野皇子对努努,打野皇子对梦魇,打野皇子对小丑,打野男枪对千珏,打野皇子对武器
打野皇子对木木,打野皇子对猴子,打野男枪对蔚
大招收河蟹，秀了几何桶，打野酒桶对男枪,魔鬼套装一刀销魂，打野皇子对盲僧,交闪还要多死3回，打野皇子对赵信,一套技能瞬秒下路两人，打野酒桶对木木,诶我走了拜拜，打野皇子对剑圣
赵信两枪夺命，五杀被抢hhh，打野赵信对皇子,猛男打野1V2还秀个徽章，打野皇子对盲僧,这德莱文会留下悔恨的泪水，打野皇子对盲僧,闪现AQ秒辅助，打野男枪对盲僧,23分钟27杀，打野皇子对赵信,打野皇子对男枪
RA秒中单，一刀一个小朋友，打野皇子对龙女,皇子新视觉特效，四杀打野皇子对男枪,一脚踢断皇子EQ，打野人马对石头,打野男枪对皇子
被快乐风男秀死了，打野皇子对龙龟,终极版核弹流，打野皇子对泰坦,这VN抢了叶师傅5个头，打野男枪对酒桶,闪现躲男枪子弹，打野皇子对男枪
几何桶杀石头，E打断武器Q，打野酒桶对武器,WEAQ轻描淡写秒杀敌人，32杀打野酒桶对梦魇,闪现顶龙龟顶出事了，四杀打野狮子狗对龙龟,五杀网管加钱！打野皇子对剑圣,第一次看着河道果实成熟，打野人马对稻草人,四杀28杀秀起来了，打野千珏对盲僧,5分半进化蓝凯游戏结束，打野凯隐对男枪,打野皇子对豹女
打野人马对皇子,打野酒桶对盲僧,打野酒桶对男枪,打野皇子对蜘蛛,打野皇子对剑圣,打野皇子对千珏,打野男枪对赵信
打团要知道对面的关键，打野皇子对盲僧,92%参团率CARRY取胜，打野酒桶对凯隐,这把打得很累，打野皇子对狼人,肚皮撞一下巴德就没了，打野酒桶对剑圣,打野男枪对皇子,打野皇子对扎克,打野皇子对剑圣
电刀无尽一击毙命，打野皇子对男枪,回身一脚反杀螳螂布隆，打野人马对螳螂,这局出五速鞋抓贼，打野皇子对盲僧,直接秒掉大龙3000血，打野酒桶对赵信,无敌战神一次不死，打野皇子对盲僧,四杀皇子20分钟打投对面，打野皇子对梦魇,打野皇子对剑圣
QR泉水秒AD，打野酒桶对皇子,猛男打野野区1V2，打野酒桶对螳螂,优秀的打野不需要助攻，打野皇子对螳螂,和石头人默契配合，打野人马对酒桶,刚叫网管杰斯就把五杀抢了hh，打野皇子对龙女,22分钟三十杀一刀一个取五杀，打野皇子对梦魇,打野人马对男枪,打野皇子对酒桶
埋下地雷炸死妖姬，蓝眼钓鱼，打野酒桶对盲僧,fire in the hole，闪现撞死鱼人，打野酒桶对赵信,6W7输出32杀，打野皇子对盲僧,瞎子惨死在小石头手下，打野皇子对盲僧,强行拆家最为致命，打野皇子对猴子,狂暴30杀，打野皇子对豹女,打野皇子对狮子狗,打野皇子对龙龟
队友崩我起来了懂的都懂，四杀打野人马对豹女,卡6单杀火男，打野皇子对蝎子,WE闪QR瞬间秒杀皇子，打野酒桶对皇子,打野酒桶对男枪
大嘴刚复活就瞬间去世，32杀打野酒桶对盲僧,被莽夫赵信闪现反杀了hh，打野男枪对赵信,门牙全掉逆风翻盘，打野人马对梦魇,及时R扎克防止被带到塔下，打野皇子对扎克,负战绩开局依然疯狂杀戮，打野皇子对武器,预判劫回来的位置QA击杀，打野男枪对盲僧,虐爆小老鼠，见面就死，打野皇子对老鼠,一口毒奶奶活自己反杀艾克，打野皇子对酒桶
大招抵消酒桶R，打了十万输出，35杀打野皇子对酒桶,居然敢套路叶师傅抢红，打野人马对老鼠,狂抓下路军训老鼠布隆，打野皇子对剑圣,逆风绝境翻盘，打野人马对盲僧
叶师傅的男枪没有R，伪五杀打野男枪对皇子,野怪越多吸血越多越强，打野人马对盲僧,闪现E插了个寂寞。打野皇子对剑圣,五杀！天神····emmm，打野皇子对木木,五杀男枪CARRY取胜，打野男枪对盲僧,打野酒桶对龙女
打野人马对皇子，零之枪骑也太帅了,打野皇子对凯隐,打野皇子对梦魇,打野皇子对盲僧,打野男枪对盲僧,打野人马对皇子
AP龙女RE3000血，打野龙女对凯隐,努努皮肤还可以变小车，打野皇子对努努,最悲惨的是车没吃到人还死了，打野皇子对稻草,惩戒Q秀吸血鬼被反秀，打野盲僧对人马,让你们多听一下阿狸死的声音，打野皇子对龙龟,打野皇子对老鼠,前期被青钢影撵着跑，打野皇子对青钢影
酒桶克武器，他E你E顶开他，打野酒桶对武器,这男枪7分50秒要死，打野人马对男枪,从天而降的如来神掌，打野盲僧对龙龟,送了一血也比男枪早到6，打野皇子对男枪,给他扑没事的，打野皇子对豹女,疯狂军训下路素质极差，打野皇子对剑圣,人马加时光加疾跑瞬间上千移速，打野人马对岩雀
极限1V2双杀中野，打野男枪对盲僧,劫过来这边我救你，打野皇子对盲僧,Q闪霸王枪空了有点短，打野皇子对盲僧,绿叉电刀无尽强行拆家，打野皇子对狮子狗,打野男枪对剑圣,伪五杀打野男枪对盲僧，最后断了
8W输出34杀盲僧，打野盲僧对皇子,900法强酒桶，原地丢R还行，打野酒桶对盲僧,打野刀是不可能出的，打野人马对男枪,打野人马对盲僧
打野人马对潘森，叶师傅居然出板甲血手兰顿,打野男枪对剑圣,打野皇子对狮子狗,打野男枪对剑圣,打野皇子对青钢影,打野皇子对狮子狗,打野人马对盲僧
网管123号机加钱！打野酒桶对岩雀,中单卡萨丁对鳄鱼，R撞墙被剑圣活活砍死,32杀人马一脚秒杀兰博，打野人马对皇子,打野皇子对寡妇，军训模式开启,极限反杀三狼，打野人马对乌迪尔,打野盲僧对小丑，盲僧后期很无力
42杀五杀人马无情践踏敌人，打野人马对盲僧,97%参团率，血腥追杀，打野男枪对潘森,箭来！声控寒冰，打野皇子对武器,EQ闪挑起凯隐惩戒小兵升6击杀，打野皇子对凯隐,队友挂机尽力局，打野酒桶对盲僧,阵容不好尽力CARRY，打野男枪对狮子狗
1皇子vs剑圣19-8,2奥拉夫vs人马20-1,3螳螂vs瞎子35-1,4龙龟vs皇子14-0,5龙女vs艾克14-4,6蜘蛛vs奥拉夫18-2,7皇子vs努努23-2,8龙女vs赵信19-4,9奥拉夫vs瞎子23-5,10狮子狗vs皇子7-10,11酒桶vs皇子20-1,12瞎子vs龙女21-4,13皇子vs瞎子15-4
我的影片21
对面有内鬼救死扶伤牛，打野人马对男枪,26分钟30杀扫地僧，打野盲僧对螳螂,打野男枪对赵信,21分钟700法强，打野酒桶对赵信,这边混子太多玩得太蠢，打野皇子对乌迪尔,对面有时光不好打，打野皇子对梦魇
打野木木对人马，单挑大龙无压力,打野皇子对剑圣,打野皇子对赵信,打野皇子对狮子狗,打野皇子对酒桶
我的影片15
百分百暴击双五杀皇子，打野皇子对人马,运钞车进泉水，打野皇子对青钢影,精准预言，日常老阴比，打野皇子对盲僧,脚比较长踢死墙里的凯隐，打野人马对凯隐,这些打野都很贪我知道他在哪，打野皇子对豹女,AD挂机4V5，打野人马对盲僧,打野皇子对梦魇
1螳螂vs豹女26-1,2龙女vs瞎子5-8,3皇子vs瞎子21-4,4龙女vs瞎子17-3,5奥拉夫vs梦魇27-5,6酒桶vs奥拉夫25-4,7狮子狗vs猪妹22-2,8皇子vs千珏9-0,9梦魇vs蜘蛛17-4,10螳螂vs赵信27-13,11皇子vs豹女29-2
1龙女vs皇子25-0,2皇子vs狼人18-3,3螳螂vs瞎子21-0,4瞎子vs螳螂25-3,5男枪vs瞎子11-0,6狮子狗vs猴子17-1,7奥拉夫vs男枪20-1,8艾克vs螳螂12-7,9皇子vs瞎子10-1,10男枪vs酒桶22-4,11奥拉夫vs阿木木20-1,12龙女vs瞎子16-2,13螳螂vs皇子20-5,14蜘蛛vs寡妇23-12,15奥拉夫vs皇子20-3,16龙女vs剑圣12-1,17人马vs艾克26-3,18皇子vs剑圣14-7
我的影片26
1皇子vs瞎子20-1,2龙女vs狮子狗18-8,3龙女vs剑圣20-1,4螳螂vs人马20-3,5蜘蛛vs瞎子23-2,6奥拉夫vs梦魇20-2,7皎月vs赵信9-5,8皇子vs寡妇15-3,9酒桶vs瞎子7-2,10木木vs狼人15-1,11螳螂vs剑圣13-5,12瞎子vs艾克18-5,13狮子狗vs寡妇13-0,14皇子vs梦魇27-5
1龙女vs瞎子14-2,2皇子vs螳螂20-4,3螳螂vs皇子16-6,4男枪vs赵信17-3,5皇子vs青钢影12-1,6酒桶vs瞎子21-2,7蒙多vs瞎子17-2,8瞎子vs艾克30-7,9蒙多vs瞎子21-3,10皇子vs梦魇20-2
1皇子vs大树16-4,2螳螂vs狮子狗29-4,3蜘蛛vs皇子22-1,4蒙多vs剑圣15-2,5下路德莱文vsVN17-10,6皇子vs凯隐19-1,7龙女vs皇子15-3,8豹女vs皇子15-5
我的影片33
1奥拉夫vs剑圣9-1,2螳螂vs皇子14-5,3皇子vs龙龟15-3,4蒙多vs岩雀17-4,5龙女vs梦魇20-1,6狮子狗vs凯隐17-3,7皇子vs狼人23-0,8螳螂vs梦魇21-4,9奥拉夫vs螳螂18-3,10蜘蛛vs剑圣10-3
1螳螂vs狮子狗7-3,2蔚vs皇子23-3,3龙女vs瞎子24-0,4酒桶vs瞎子24-0,5皇子vs男枪22-2,6男枪vs瞎子16-2,7螳螂vs瞎子25-5,8皇子vs瞎子15-3
1皎月vs瞎子20-3,2皎月vs螳螂17-3,3皎月vs艾克16-3,4奥拉夫vs剑圣18-1,5龙女vs石头人26-2,6男枪vs瞎子16-5,7龙女vs奥拉夫16-5,8瞎子vs酒桶20-2,9皇子vs瞎子15-2,10螳螂vs豹女23-2
我的影片38
1皇子vs男枪16-1,2龙女vs梦魇21-0,3螳螂vs潘森25-2,4蒙多vs瞎子6-2,5末日vs艾克3-7,6皇子vs男枪15-1,7狮子狗vs男枪8-4,8男枪vs豹女15-5,9龙女vs螳螂22-3,10奥拉夫vs螳螂15-5,11奥拉夫vs皇子23-1,12龙女vs瞎子13-2
我的影片56
1皇子avs瞎子20-2,2奥拉夫vs瞎子10-3,3龙女vs艾克9-3,4螳螂vs瞎子22-1,5酒桶vs凯隐10-0,6狮子狗vs艾克9-0,7皇子vs螳螂12-2,8男枪vs瞎子19-3,9梦魇vs木木9-4,10奥拉夫vs瞎子20-4,11狮子狗vs皇子16-2,12奥拉夫vs赵信19-3,13皇子vs螳螂9-2
我的影片44
1螳螂vs艾克20-1,2中单卡萨丁vs小法21-5,3中单皇子vs丽桑卓6-0,4狮子狗vs男枪20-3,5中单蛇女vs瑞兹20-2,6男枪vs瞎子12-3,7中单妖姬vs卡特15-4,8皇子vs梦魇16-4,9中单维克托vs卡萨丁13-2,10螳螂vs人马25-1,11狮子狗vs猴子25-6
1皇子vs梦魇5-0,2中单皇子vs卡萨丁25-5,3螳螂vs剑圣23-2,4中单卡萨丁vs艾克8-2,5龙女vs豹女4-0,6瞎子vs剑圣18-3,7狮子狗vs剑圣12-2,8中单卡萨丁vs艾克17-3,9螳螂vs瞎子30-4,10蜘蛛vs剑圣10-0,11中单皎月vs刀妹24-6,12皇子vs剑圣21-1,13龙女vs狮子狗7-3
1奥拉夫vs赵信15-2,2龙女vs瞎子21-0,3中单卡萨丁vs小法28-6,4螳螂vs艾克15-4,5中单卡萨丁vs亚索19-2,6狮子狗vs瞎子11-3,7龙女vs蛮王17-3,8中单男刀vs卡萨丁12-1,9皇子vs人马16-1,10男枪vs狼人21-3,11中单卡萨丁vs劫10-1,12皇子vs艾克15-3,13螳螂vs瞎子20-1,14瞎子vs男枪14-1
1螳螂vs皇子14-1,2皇子vs狮子狗13-3,3中单卡萨丁vs卡特18-2,4龙女vs龙龟10-2,5男枪vs皇子16-4,6中单卡萨丁vs瑞兹12-3,7狮子狗vs瞎子9-0,8蜘蛛vs瞎子17-4,9酒桶vs螳螂17-2,10皇子vs男枪14-3
我的影片4
01 螳螂vs男枪,02 皇子vs艾克,03 中单妖姬vs小鱼人,04 狮子狗vs盲僧,05 盲僧vs赵信,06 皇子vs艾克,07 酒桶vs皇子,08 螳螂vs寡妇,09 龙女vs梦魇,10 中单卡萨丁vs吸血鬼,11 皇子vs男枪,12 男枪vs凯隐,13 奥拉夫vs盲僧,14 蜘蛛vs武器
01 皇子vs螳螂,02 螳螂vs皇子,03 龙女vs皇子,04 人马vs老鼠,05 皇子vs盲僧,06 螳螂vs盲僧
01 皇子vs螳螂,02 螳螂vs人马,03 狮子狗vs剑圣,04 男枪vs盲僧,05 妖姬vs兰博,06 奥拉夫vs盲僧,07 皇子vs狗熊,08 EQ闪教学,09 盲僧vs塞恩,10 龙女vs皇子,11 螳螂vs盲僧,12 酒桶vs梦魇,13 千珏vs男枪,14 酒桶vs螳螂,15 皇子vs盲僧
01 皇子vs盲僧 13.7分,02 酒桶vs螳螂 12.3分,03 螳螂vs盲僧 15.5分,04 盲僧vs扎克 13.3分,05 诺手vs艾克 14.8分,06 皇子vs剑圣 13.5分,07 狮子狗vs皇子 12.1分,08 男枪vs皇子 14.4分,09 螳螂vs皇子 12.8分,10 奥拉夫vs皇子 16.4分,11 酒桶vs奥拉夫 15.3分,12 人马vs盲僧 13.7分
01 螳螂vs皇子   评分14.6,02 盲僧vs奥拉夫   评分14.1,03 皇子vs凯隐   评分14.1,04 酒桶vs螳螂   评分14.0,05 老鼠vs盲僧   评分14.0,06 狮子狗vs盲僧   评分15.4,07 龙女vs蔚   评分13.7,08 诺手vs盲僧   评分12.6,09 男枪vs螳螂   评分11.9,10 人马vs豹女   评分14.1,11 蜘蛛vs武器   评分13.8,12 中单卡萨丁vs男刀   评分14.6,13 青钢影vs盲僧   评分10.2
1螳螂vs瞎子27-4,2男枪vs奥拉夫15-10,3中单皇子vs皎月15-1,4狮子狗vs剑圣16-6,5奥拉夫vs凯隐12-2,6中单卡萨丁vs艾克19-1,7皇子vs皎月23-2,8螳螂vs瞎子16-5,9中单拉克丝vs劫9-7,10老鼠vs蔚14-3,11龙女vs皇子17-5
01 皇子vs盲僧 14.1分（战绩请看简介）,02 螳螂vs人马 14.7分,03 狮子狗vs奇亚娜 16.1分,04 酒桶vs剑圣 14.9分,05 盲僧vs凯隐 11.4分,06 男枪vs武器 13.0分
01 皇子vs武器 14.7分（战绩请看简介）,02 螳螂vs艾克 15.9分,03 龙女vs男枪 14.5分,04 狮子狗vs螳螂 14.9分,05 男枪vs赵信 14.7分,06 盲僧vs男枪 11.9分,07 酒桶vs剑圣 14.7分,08 诺手vs龙龟 12.4分,09 龙女vs狼人 14.5分,10 蜘蛛vs盲僧 13.7分,11 皇子vs酒桶 13.9分,12 螳螂vs蜘蛛 14.6分,13 皇子vs猪女 14.1分
01 螳螂vs寡妇,02 奥拉夫vs皇子,03 酒桶vs盲僧,04 皇子vs赵信,05 狮子狗vs皇子,06 龙女vs盲僧,07 中单卡萨丁vs卡莎,08 螳螂vs盲僧,09 男枪vs死歌,10 酒桶vs艾克,11 皇子vs赵信,12 男枪vs皇子,13 蜘蛛vs盲僧
01 皇子vs皎月,02 中单妖姬vs男枪,03 黄金矿工,04 螳螂vs艾克,05 酒桶vs盲僧,06 中单卡萨丁vs小法,07 盲僧vs艾克,08 男枪vs豹女,09 中单流浪vs铁男,10 狮子狗vs盲僧,11 皇子vs剑圣,12 螳螂vs武器,13 酒桶vs盲僧
01 皇子vs艾克（战绩请看简介）,02 螳螂vs寡妇,03 下路卢锡安vs德莱文,04 皇子vs小丑,05 男枪vs盲僧,06 下路卢锡安vs女警,07 男枪vs盲僧,08 皇子vs盲僧,09 螳螂vs小丑,10 皇子vs男枪,11 酒桶vs盲僧
1皇子vs寡妇5-0,2螳螂vs皇子26-1,3中单卡萨丁vs小鱼人23-2,4中单皇子vs男刀20-8,5男枪vs皇子23-4,6狮子狗vs皇子29-3,7中单皎月vs铁男10-2,8皇子vs瞎子24-4,9酒桶vs梦魇14-1,10瞎子vs艾克15-2,11蜘蛛vs皇子18-9,12奥拉夫vs瞎子11-3
01 男枪vs蜘蛛 战绩请看简介,02 皇子vs武器,03 酒桶vs皇子,04 艾克vs螳螂,05 皇子vs盲僧,06 皇子vs艾克,07 螳螂vs艾克,08 龙女vs盲僧,09 男枪vs皇子,10 酒桶vs盲僧
1皇子vs男枪17-0,2中单辛德拉vs艾克26-6,3男枪vs瞎子22-4,4狮子狗vs豹女25-1,5中单小法vs泽拉斯17-6,6螳螂vs剑圣13-2,7酒桶vs蜘蛛13-6,8蜘蛛vs艾克22-5,9龙女vs瞎子19-3,10皇子vs龙女21-7,11奥拉夫vs人马17-1
01 酒桶vs豹女（战绩请看简介）,02 男枪vs盲僧,03 龙女vs皇子,04 艾克vs男枪,05 蜘蛛vs盲僧,06 皇子vs螳螂,07 豹女vs凯隐,08 螳螂vs盲僧,09 狮子狗vs螳螂,10 诺手vs猪女,11 奥拉夫vs皇子,12 皇子vs盲僧,13 螳螂vs盲僧,14 酒桶vs梦魇,15 皇子vs盲僧
1皇子vs螳螂15-5,2螳螂vs艾克21-5,3狮子狗vs男枪20-3,4皇子vs梦魇11-5,5蜘蛛vs木木2-6,6螳螂vs寡妇11-4,7奥拉夫vs剑圣16-1,8螳螂vs艾克20-1,9皇子vs酒桶10-6,10奥拉夫vs武器22-0,11掏心窝聊天时间
01 皇子vs螳螂 战绩请看简介,02 螳螂vs盲僧,03 盲僧vs男枪,04 酒桶vs豹女,05 皇子vs蜘蛛,06 老鼠vs螳螂,07 蔚vs瑟提,08 木木vs盲僧,09 狮子狗vs小丑,10 龙女vs凯隐,11 艾克vs凯隐,12 皇子vs武器
01 皇子vs寡妇 战绩请看简介,02 螳螂vs盲僧,03 酒桶vs小丑,04 奥拉夫vs盲僧,05 狮子狗vs螳螂,06 皇子vs艾克,07 男枪vs盲僧,08 螳螂vs蜘蛛,09 男枪vs豹女,10 皇子vs盲僧,11 蔚vs酒桶,12 酒桶vs赵信,13 盲僧vs艾克,14 木木vs艾克,15 龙女vs木木
01 皇子vs男枪 （战绩请看简介）,02 螳螂vs青钢影,03 男枪vs人马,04 螳螂vs岩雀,05 老鼠vs剑圣,06 螳螂vs盲僧,07 皇子vs人马（已延长）,08 龙女vs剑圣（已延长）,09 螳螂vs皇子,10 酒桶vs盲僧,11 腕豪vs武器,12 皇子vs寡妇（已延长）
01 皇子vs梦魇 战绩请看简介,02 蔚vs盲僧,03 酒桶vs凯隐,04 螳螂vs蜘蛛,05 盲僧vs豹女,06 蜘蛛vs盲僧,07 木木vs男枪,08 老鼠vs赵信,09 酒桶vs岩雀
01 螳螂vs艾克 战绩请看简介,02 蜘蛛vs盲僧,03 龙女vs螳螂,04 人马vs男枪,05 老鼠vs盲僧,06 皇子vs豹女,07 男枪vs狮子狗,08 酒桶vs皇子,09 狮子狗vs螳螂,10 盲僧vs酒桶,11 木木vs雪人,12 皇子vs盲僧,13 酒桶vs盲僧,14 龙女vs艾克,15 酒桶vs奥拉夫
01 皇子vs末日 战绩请看简介,02 龙女vs皇子,03 木木vs狼人,04 螳螂vs盲僧,05 皇子vs男枪 ♀,06 男枪vs艾克 ♀,07 龙女vs皇子 ♀,08 螳螂vs梦魇 ♀,09 泰坦vs酒桶,10 皇子vs艾克,11 酒桶vs剑圣,12 木木vs寡妇,13 龙女vs男枪,14 酒桶vs螳螂,15 派克vs皇子,16 蜘蛛vs盲僧
01 螳螂vs盲僧（战绩请看简介）,02 酒桶vs剑圣,03 中路韦鲁斯vs提莫,04 狮子狗vs剑圣,05 酒桶vs盲僧,06 皇子vs艾克,07 螳螂vs皇子,08 皇子vs盲僧,09 男枪vs雷克塞,10 盲僧vs剑圣,11 蛮王vs盲僧
01 酒桶vs艾克 战绩请看简介,02 皇子vs盲僧,03 蜘蛛vs螳螂,04 龙女vs梦魇,05 螳螂vs盲僧,06 盲僧vs男枪,07 酒桶vs螳螂,08 兰博vs木木,09 卡牌vs赵信,10 木木vs小鱼人
01 合金弹头 战绩请看简介,02 皇子vs男枪,03 龙女vs盲僧,04 男枪vs赵信,05 螳螂vs皇子,06 狮子狗vs豹女,07 酒桶vs盲僧,08 龙女vs凯隐,09 皇子vs男枪,10 魔兽RPG,11 大富翁
01 皇子vs盲僧 战绩请看简介,02 酒桶vs剑圣,03 木木vs死歌,04 龙女vs皇子,05 盲僧vs男枪,06 螳螂vs寡妇,07 男枪vs盲僧,08 皇子vs人马,09 木木vs赵信,10 龙女vs寡妇,11 狮子狗vs皇子,12 皇子vs盲僧,13 黄金矿工,14 酒桶vs蔚
01 皇子vs男枪 战绩请看简介,02 酒桶vs猪妹,03 蔚vs剑圣,04 螳螂vs盲僧,05 龙女vs皇子,06 死歌vs人马,07 人马vs龙龟,08 男枪vs豹女,09 盲僧vs男枪,10 螳螂vs狗熊,11 龙女vs螳螂,12 皇子vs蜘蛛,13 艾克vs扎克,14 老鼠vs皇子
01 皇子vs蜘蛛 战绩请看简介,02 酒桶vs猪女,03 螳螂vs盲僧,04 艾克vs末日,05 男枪vs皇子,06 龙女vs皇子,07 蔚vs皇子,08 螳螂vs男枪,09 皇子vs螳螂,10 蔚vs剑圣,11 酒桶vs螳螂,12 艾克vs男枪,13 皇子vs男枪,14 木木vs男枪
01 锐雯vs男枪 战绩请看简介,02 酒桶vs男枪,03 螳螂vs乌迪尔,04 蔚vs凯隐,05 龙女vs人马,06 艾克vs盲僧,07 皇子vs赵信,08 皇子vs盲僧,09 木木vs龙女,10 男枪vs艾克,11 盲僧vs皎月,12 皇子vs蜘蛛,13 酒桶vs挖掘机
01 酒桶vs盲僧 战绩请看简介,02 皇子vs螳螂,03 蔚vs无,04 男枪vs螳螂,05 龙女vs人马,06 艾克vs盲僧,07 酒桶vs蜘蛛,08 皇子vs梦魇,09 螳螂vs扎克,10 男枪vs梦魇,11 皇子vs螳螂,12 人马vs盲僧
皇子vs人马 拿红打爆1级团，2分钟提亚马特，直播间鱼丸末日，天台排队,酒桶vs瞎子 建议收藏，这局传授了酒桶打野的天赋、出装、路线的理解,阿木木vs卡密尔 均势累心局，绷带都要Q坏了，结尾吉格斯的惊喜,皇子vs赵信 我是万万没想到，被队友蛮子操盘了,老鼠vs千珏 军训中下野，前中期真100%参团率,狮子vs寡妇 理财师推荐左边拉满，风险系数6颗星,蜘蛛vs乌龟 我这种老蜘蛛，一把游戏20分钟太快了,瞎子vs蔚 对面杀了叶师傅瞬间投降
皇子vs挖掘机 6分50中路丢人越塔，但丝毫不影响叶师傅15分钟超神,酒桶vs老鼠 11分半科比终于开张了，然后是惨绝人寰蹲AD,妮寇vs剑圣 你以为我是牛啊+eq秒亚索,皇子vs螳螂 细节蹭经验升六+虾仁猪心，假装放螳螂走，再一个E插死,酒桶vs剑圣 好玩吗？有空常来，我要开始折磨他了,皇子vs男枪 下路慢走一步，细节换抗塔+残血刺激反杀男枪
开播+皇子vs千珏17-3 射手型的打野遇上战士，被摸到就得死,老鼠vs武器24-4 隔墙杀人抢土龙；被三只手制裁；爆炸输出拯救团战；被操盘,狮子狗vs蔚15-0 熟悉的下二塔草丛，vn定时去世；宣传岚切版本的1千ad狮子狗；,皇子vs龙女25-6-10 eqr全空，还能杀ad；左边拉满良心操盘，挽救无数鱼丸；,酒桶vs皇子15-0 小心手雷x3，远距离三分投篮教学；叶门弄皇，AAA，哎，顶，承让了；,酒桶vs皇子15-0 小心手雷x3，远距离三分投篮教学；叶门弄皇，AAA，哎，顶，承让了；~1,蜘蛛vs凯影18-4 一级被阴；红开控双蟹；1秒6个技能，残血反杀凯影；,瞎子vs千珏25-3 这局换叶师傅一级阴别人；伤害最高+16个助攻+黑切反甲；,皇子vs魔腾13-2 残血被三个大汉围在上塔，死前换一个；镀层好吃吗？好吃你就多吃点；,18121510阿木木vs狗熊+下播26-3 锁！让我哭一下！法穿鞋秒狗熊；逆风开局，挽救全队不容易啊；~1
叶音符01最终
开播+老鼠螳螂16-1 前期野区皮断腿；中期住下路，对面心态爆炸；,狮子vs瞎子9-1 小兵、草丛二段跳近身；对面投降；,皇子vs瞎子21-1 刷野路线让你赢在起跑线上，红开F6河蟹+中路gank+再一个河蟹=3级；对面投降；,酒桶vs瞎子16-1 蛤蟆带恶人绕后x2，熟悉的下二塔啊草丛;对面投降,老鼠vs瞎子18-1 带恶鼠，ad何苦为难ad；黑切的好处；对面投降；,皇子vs瞎子21-4 6帧反应时间EQ闪；大招抵消vn的e；对面中单自闭挂机,阿木木vs瞎子28-4 皮断腿，没蓝进野区回个蓝继续皮；成功晋级华贵人机3
181214皇子人马
叶音符时刻第一期
斗鱼-叶音符_201812190040196134
01 皇子vs艾克 战绩请看简介,02 卡牌vs剑圣,03 螳螂vs皇子,04 酒桶vs乌迪尔,05 蜘蛛vs寡妇,06 狮子狗vs螳螂,07 男枪vs武器,08 老鼠vs蔚,09 龙女vs豹女,10 皇子vs盲僧,11 酒桶vs皇子,12 盲僧vs酒桶,13 木木vs剑圣,14 皇子vs琪亚娜
打野皇子对盲僧,打野AP龙女对青钢影,打野皇子对赵信,打野盲僧对狮子狗,打野皇子对男枪
01 皇子vs男枪（战绩请看简介）,02 诺手vs盲僧,03 螳螂vs盲僧,04 酒桶vs皇子,05 龙女vs男枪,06 泰坦vs剑圣,07 男枪vs梦魇,08 盲僧vs蔚,09 酒桶vs皇子,10 艾克vs皇子,11 蜘蛛vs剑魔,12 猛男♂交心
四杀酒桶，23分钟神装，打野酒桶对皇子,不断Q无伤刷野，打野人马对皇子,哈哈哈R打断了队友大招，打野岩雀对千珏,预判E闪空了有一丝丝尴尬，打野酒桶对剑圣,日常游戏崩溃，打野男枪对乌迪尔,30杀精准操盘，打野皇子对螳螂,打野皇子对豹女
大招K头无敌，44杀7W3输出打野酒桶对猴子,一脚千伤，打野青钢影对瑞文,打了龙女11倍的伤害，五杀打野酒桶对龙女,我叶音符！没有开挂！打野皇子对岩雀,叶师傅自己人别开腔，打野皇子对稻草人,打野酒桶对人马
酒桶又刷新了，杀人诛心啊，打野皇子对酒桶,法穿鞋凯隐秒杀脆皮，打野凯隐对男枪,打野酒桶对剑圣，还刷野是要给你妈找灵芝吗hh,打野皇子对盲僧
打野人马对酒桶,打野皇子对扎克,打野酒桶对武器
打野狮子狗对男枪,打野盲僧对龙龟,打野皇子对蔚,打野岩雀对赵信,打野皇子对赵信
41杀五杀皇子无情屠杀，打野皇子对梦魇,打野人马对猴子，彩虹小马狂杀40个,打野皇子对瑞文，四杀
军训下路，几何桶送他回家，打野酒桶对武器,上单狂送，31杀无力回天，打野皇子对豹女,打野皇子对梦魇
皇子vs武器29-4 新猛男出装，就是死不了；先锋理财，直接恰满镀层1千块；,老鼠vs男枪27-2 胜率有超过60%的英雄？以前可能有，选出来1个打5个；51%很强，54%变态；,老鼠vs男枪27-2下,皇子vs瞎子11-2 谈热度的问题，暗示那个那个；对面投降；,瞎子vs螳螂24-1 Gank一次成本=半边野区；中期上路乱秀，帅与皮轮回不止；,阿木木vs剑圣21-9 抓下要等下路打起来；日常单挑秒龙；后期团战经常少人，所以死得多；,酒桶vs瞎子18-0 大富桶，两次4000块回家；Gnak一次=两拨野怪的发育时间；,皇子vs阿木木24-3 走位意识教学；后期反面教材浪了2次；灵活偷家，再速度转中绕后一波；,老鼠vs瞎子18-2 抓崩中上野；布甲+红惩防止被秒；利用手长优势打输出，别站在脸上；
残血勾引斩获五杀，打野皇子对瑞文,透视挂实锤了，打野盲僧对赵信,网管：这个人又来了，打野酒桶对千珏,把青钢影打自闭了，打野皇子对青钢影,打野皇子对努努
大招打断皇子EQ，34杀打野酒桶对皇子,5成实力CARRY取胜，打野盲僧对男枪,老阴B专属草丛，打野皇子对千珏,打野皇子对努努
打野奥拉夫对男枪,打野岩雀对龙龟,打野盲僧对赵信,打野酒桶对大虫子,打野酒桶对卡密尔
鏖战39分钟百头大战，打野皇子对盲僧,刺激的一波与反一波，打野酒桶对寡妇,4连跳斩杀艾克，打野狮子狗对千珏,打野凯隐对螳螂
打野皇子对螳螂,打野男枪对老鼠,打野酒桶对盲僧,打野皇子对男枪,打野人马对狼人,打野皇子对男枪
斗鱼只有我敢这样开盘，打野皇子对螳螂,被回马枪反杀了，打野男枪对皇子,被女枪疯狂K头hh，打野人马对豹女,打野皇子对盲僧
一个优秀的打野不会死亡，打野酒桶对武器,五杀盲僧，很朴实的帅，打野盲僧对卡密尔,大嘴只要出现在地图上就没了，打野人马对梦魇,预判EQ闪有一丝丝尴尬，打野皇子对盲僧,不说话认真模式，打野男枪对酒桶,打野狮子狗对盲僧
打野男枪对皇子,打野皇子对剑圣,打野人马对武器,打野男枪对盲僧,打野酒桶对剑圣,打野狮子狗对剑圣
打野狮子狗对剑圣,打野酒桶对青钢影,打野皇子对盲僧,打野盲僧对男枪,打野人马对梦魇,打野盲僧对剑圣
打野皇子对寡妇,打野盲僧对巨魔,打野皇子对盲僧,打野皇子对赵信,打野皇子对盲僧
五杀皇子一刀一个小朋友，打野皇子对盲僧,这酒桶喝了点酒下手没轻没重的，打野酒桶对武器,30杀尽力局，打野皇子对豹女
打野盲僧对男枪,打野酒桶对剑圣,打野皇子对狮子狗,打野狮子狗对木木
打野酒桶对皇子,打野人马对剑圣,打野皇子对青钢影,打野皇子对木木,打野酒桶对男枪,打野皇子对猴子,打野木木对千珏
打野老鼠对酒桶,打野皇子对人马,打野酒桶对剑圣,打野皇子对千珏,打野皇子对潘森,打野皇子对梦魇
打野酒桶对盲僧，送si流塞恩确实很烦,打野老鼠对豹女，被破三路36杀翻盘,打野木木对剑圣，单挑大龙,打野皇子对盲僧,打野男枪对努努,打野皇子对乌迪尔,打野皇子对盲僧
打野老鼠对盲僧，对面阵容太克制了没输出空间,打野男枪对青钢影，3打1被双杀会不会玩,打野狮子狗对皇子，你的动向我一清二楚,打野老鼠对派克
打野盲僧对狮子狗，0-7开局大逆风翻盘,打野皇子对剑圣，死是不可能死的,打野老鼠对男枪，我还没开始杀你们就投降了,打野男枪对猪妹
打野皇子对梦魇,打野盲僧对武器,打野男枪对盲僧,打野木木对赵信,打野老鼠对梦魇
打野木木对盲僧,打野皇子对剑圣,打野皇子对盲僧,打野男枪对盲僧
五杀打野老鼠对皇子，这卡莎也是K头高手,打野皇子对稻草,打野皇子对男枪,打野老鼠对盲僧,打野木木对皇子
1
狮子vs皇子 发家致富要找下路，五杀猛男,瞎子vs男枪 1209 还瞧不起我的瞎子，后悔了吧,酒桶vs猴子 一血惨遭抢断，入冬了肚皮热胀冷缩，细节让AD抗塔,皇子vs赵信 一个大招框住两个麻瓜，真男人自信回头,酒桶vs皇子 今天我不顶死你，X你个铲铲,德莱文vs卡密尔 在这个直播间一辈子能看一把德莱文，知足吧,老鼠vs豹女 20比23，但是对面投了,老鼠vs瞎子 每次看我直播想通宵？不应该是想睡觉吗
皇子vs潘森 前职业选手的恐怖意识，推理鬼才+杀气感知
皇子 vs 瞎子,狮子 vs 瞎子,凯影 vs 酒桶,酒桶 vs 螳螂,瞎子 vs 老鼠,皇子 vs 狼人,男枪 vs 人马
皇子vs人马 精准预言前反蹲杀人马，高地一波团战伪五杀,看版本更新+酒桶vs瞎子 死亡盾帽，LOL最强防御装,蜘蛛vs卡密尔 前期小劣，双穿成型中野联动扳回局势,皇子vs螳螂 柿子挑软的捏，疯狂抓下就完事了，有R就有收获,皇子vs潘森 对面斯巴达6分钟3级，你说他怎么玩,酒桶vs瞎子 对面疯狂针对，想杀你就来嘛,狮子vs赵信 怎么又遇到这个石头人，再带他赢一把,皇子vs卡密尔 反复EQ，差个红惩1秀3
思想出了问题，这个塞恩
妮寇vs豹女 第一把新英雄，两个女坦你慌不慌,皇子vs螳螂 不好意C，我有哥们在+我也救你一命,妮寇vs酒桶 超神妮寇碾压局,男枪vs风队 上路精准反蹲巨魔，好于主动Gnak一万倍+细节惩兵升6,皇子vs青钢影 想杀我的队友是吧？下路养猪走起,瞎子vs乌龟 一库，踢爆你的X头+细节A跳蛋隔开支援,男枪vs赵信 纯碾压，锁血挂已上线,瞎子vs皇子 究极操盘，谈笑间百万鱼丸灰飞烟灭
阿木木vs乌龟 日常单挑大龙+QRE血条消失连招,瞎子vs皇子 你怎么猜对面打野动向呢，换位思考就可以,皇子vs瞎子 EQ空中拦截，强行让岩雀停车,皇子vs男枪 行云流水的一局碾压皇子,酒桶vs男枪 你在干什么呢，非得给你来个几何桶才开心,酒桶vs瞎子 这局是教大家酒桶野区怎么打瞎子,酒桶vs青钢影 依旧碾压，但是人头很少
究极埋伏1框3，99%玩家做不到的大心脏
发条、AD都哭了，超神狮子狗=AD活不过5帧！
蜘蛛vs酒桶 1208
二哈专业拆家 防御塔终结狗
老鼠vs螳螂 GANK靠对面配合，队友不要吓到人就行,皇子vs男枪 EQ闪换方向拿下一血，前期百分百K头,狮子vs梦魇  恶虎扑食！有草就是无敌der,酒桶vs瞎子 控蟹小王子，我的蟹岂是你能吃的,蜘蛛vs酒桶 折磨他，让他人财两空,皇子vs 武器 二级控蟹大乱斗,皇子vs赵信 还是熟悉的感觉，我又回来啦,瞎子vs螳螂 劣势的时候最好反蹲，可以掌握主动权,狮子 vs 螳螂 对面投降，没有彩蛋
181208 瞎子剑圣素材局 压制
01 酒桶vs盲僧 战绩请看简介,02 皇子vs剑圣,03 男枪vs豹女,04 蔚vs盲僧,05 龙女vs狮子狗,06 皇子vs男枪,07 艾克vs狼人,08 奥拉夫vs武器,09 盲僧vs男枪,10 螳螂vs蜘蛛,11 皇子vs豹女,12 男枪vs盲僧,13 人马vs狗熊,14 木木vs男枪,15 螳螂vs潘森,16 皇子vs螳螂
01 皇子vs盲僧 战绩请看简介,02 酒桶vs螳螂,03 螳螂vs盲僧,04 艾克vs盲僧,05 蔚vs皇子,06 男枪vs蜘蛛,07 螳螂vs盲僧,08 皇子vs蜘蛛,09 人马vs蜘蛛,10 奥拉夫vs蜘蛛,11 酒桶vs狼人,12 皇子vs扎克,13 男枪vs豹女
01 龙女vs皇子 战绩请看简介,02 皇子vs老鼠,03 男枪vs武器,04 人马vs螳螂,05 酒桶vs盲僧,06 男枪vs盲僧 ♀,07 奥拉夫vs豹女 ♀,08 龙女vs扎克 ♀,09 奥拉夫vs盲僧 ♀,10 皇子vs寡妇,11 螳螂vs赵信,12 酒桶vs螳螂,13 蔚vs武器,14 皇子vs蔚
01 皇子vs男枪 战绩请看简介,02 蔚vs皇子,03 盲僧vs雷克塞,04 龙女vs男枪,05 男枪vs蛮子,06 螳螂vs寡妇,07 酒桶vs皇子,08 奥拉夫vs剑圣,09 螳螂vs豹女,10 诺手vs盲僧,11 皇子vs螳螂,12 人马vs皇子,13 皇子vs寡妇
01 皇子vs剑圣 战绩请看简介,02 酒桶vs末日,03 男枪vs螳螂,04 酒桶vs蜘蛛,05 龙女vs凯隐,06 皇子vs奥拉夫,07 奥拉夫vs剑圣,08 木木vs赵信,09 螳螂vs赵信,10 男枪vs皇子,11 皇子vs豹女,12 蜘蛛vs豹女,13 植物大战僵尸
01 皇子vs雷克塞 战绩请看简介,02 酒桶vs武器,03 奥拉夫vs螳螂,04 男枪vs豹女,05 龙女vs剑圣,06 皇子vs狼人,07 奥拉夫vs人马 ♀,08 男枪vs酒桶 ♀,09 皇子vs狗头 ♀,10 蜘蛛vs末日 ♀,11 螳螂vs雷克塞,12 皇子vs螳螂,13 拳女vs皇子,14 酒桶vs男枪
01 龙女vs盲僧 战绩请看简介,02 蔚vs皇子,03 皇子vs剑圣,04 皇子vs豹女,05 男枪vs螳螂,06 奥拉夫vs梦魇,07 狮子狗vs螳螂,08 皇子vs盲僧 ♀,09 男枪vs凯隐 ♀,10 奥拉夫vs赵信 ♀,11 皇子vs岩雀,12 豹女vs螳螂,13 诺手vs螳螂
01 螳螂vs皇子 战绩请看简介,02 蔚vs武器,03 皇子vs男枪,04 男枪vs蜘蛛,05 艾克vs人马,06 龙女vs蜘蛛,07 螳螂vs凯隐,08 千珏vs赵信,09 艾克vs酒桶,10 蜘蛛vs狼人,11 木木vs雪人,12 酒桶vs奥拉夫,13 奥拉夫vs螳螂,14 皇子vs人马,15 酒桶vs皇子
01 皇子vs剑圣 战绩请看简介,02 龙女vs螳螂,03 狮子狗vs蜘蛛,04 男枪vs雷克塞,05 螳螂vs狮子狗 ♀,06 皇子vs龙龟 ♀,07 皇子vs螳螂 ♀,08 酒桶vs狼人,09 皇子vs螳螂,10 螳螂vs剑圣,11 奥拉夫vs艾克,12 蜘蛛vs男枪
01 皇子vs螳螂 战绩请看简介,02 螳螂vs扎克,03 龙女vs死歌,04 男枪vs岩雀,05 蔚vs乌迪尔,06 皇子vs龙龟,07 酒桶vs狮子狗,08 木木vs龙女,09 中单卡萨丁vs男枪,10 龙女vs豹女,11 皇子vs木木,12 诺手vs蜘蛛,13 螳螂vs狮子狗,14 卡牌vs剑圣,15 火男vs螳螂
01 皇子vs魔腾 战绩请看简介,02 龙女vs皇子,03 中单劫vs琪亚娜,04 酒桶vs剑圣,05 木木vs伊芙琳,06 皇子vs赵信,07 龙女vs狼人,08 中单杰斯vs塞拉斯,09 酒桶vs男枪,10 皇子vs小丑 ♀,11 螳螂vs剑圣 ♀,12 龙女vs武器 ♀,13 魔腾vs男枪,14 凯隐vs皇子,15 拳女vs盲僧,16 挖石油
01 艾克vs螳螂 战绩请看简介,02 皇子vs男枪,03 龙女vs剑圣,04 梦魇vs蜘蛛,05 凯隐vs剑圣,06 皇子vs剑圣,07 酒桶vs豹女,08 挖石油1,09 木木vs死歌,10 皇子vs蜘蛛,11 龙女vs木木,12 蜘蛛vs皇子,13 螳螂vs豹女,14 挖石油2
01 皇子vs盲僧 战绩请看简介,02 龙女vs人马,03 酒桶vs盲僧,04 螳螂vs剑圣,05 蜘蛛vs狼人,06 奥拉夫vs豹女,07 螳螂vs凯隐,08 龙女vs剑圣,09 龙女vs赵信,10 皇子vs千珏,11 龙女vs盲僧,12 艾克vs男枪,13 诺手vs蜘蛛,14 挖石油
01 皇子vs雷克塞 战绩请看简介,02 螳螂vs蜘蛛,03 皇子vs琪亚娜,04 龙女vs豹女,05 酒桶vs螳螂,06 木木vs盲僧,07 皇子vs雪人,08 诺手vs盲僧,09 皇子vs剑圣,10 螳螂vs盲僧,11 巨魔vs猪女,12 皇子vs凯隐,13 豹女vs盲僧,14 皇子vs死歌,15 中单劫vs狗头
01 螳螂vs皇子 战绩请看简介,02 皇子vs人马,03 皇子vs蜘蛛,04 奥拉夫vs皇子,05 皇子vs赵信,06 皇子vs盲僧,07 皇子vs雷克塞,08 皇子vs盲僧,09 皇子vs盲僧,10 皇子vs蜘蛛,11 皇子vs艾克,12 龙女vs剑圣,13 酒桶vs盲僧,14 木木vs盲僧,15 皇子vs腕豪,16 龙女vs剑圣
01 螳螂vs梦魇 战绩请看简介,02 皇子vs盲僧,03 酒桶vs豹女,04 盲僧vs凯隐,05 男枪vs剑圣,06 酒桶vs盲僧,07 皇子vs盲僧,08 龙女vs皇子,09 人马vs蜘蛛,10 狮子狗vs螳螂,11 凯隐vs男枪,12 老鼠vs螳螂,13 艾克vs小丑,14 木木vs蔚,15 挖石油
01 皇子vs木木 战绩请看简介,02 螳螂vs狼人,03 凯隐vs螳螂,04 男枪vs塞拉斯,05 皇子vs人马,06 龙女vs翠神,07 人马vs岩雀,08 皇子vs雷克塞,09 奥拉夫vs雷克塞,10 龙女vs岩雀,11 皇子vs雷克塞,12 老鼠vs剑圣,13 螳螂vs龙女,14 石油骚动
01 皇子vs蜘蛛 战绩请看简介,02 龙女vs皇子,03 螳螂vs皇子,04 皇子vs扎克,05 狮子狗vs螳螂,06 艾克vs皇子 ♀,07 皇子vs死歌,08 酒桶vs艾克,09 艾克vs螳螂,10 岩雀vs剑圣,11 凯隐vs木木,12 艾克vs豹女,13 挖石油
01 螳螂vs盲僧 战绩请看简介,02 皇子vs盲僧,03 老鼠vs蜘蛛,04 皇子vs雷克塞,05 皇子vs伊芙琳,06 螳螂vs奥拉夫,07 凯隐vs男枪,08 酒桶vs剑圣,09 酒桶vs剑圣,10 龙女vs皇子,11 盖伦vs男枪,12 男刀vs皇子,13 星露谷物语
01 皇子vs人马 战绩请看简介,02 诺手vs雪人,03 老鼠vs盲僧,04 螳螂vs皇子,05 皇子vs奥拉夫,06 木木vs剑圣,07 酒桶vs腕豪,08 中单皇子vs武器,09 中单男刀vs剑豪,10 皇子vs螳螂,11 老鼠vs螳螂,12 螳螂vs雷克塞,13 酒桶vs螳螂
01 皇子vs螳螂,02 龙女vs小丑,03 酒桶vs赵信,04 皇子vs奥拉夫,05 螳螂vs艾克,06 人马vs螳螂,07 老鼠vs男枪,08 酒桶vs龙女,09 龙女vs凯隐,10 螳螂vs人马,11 老鼠vs螳螂,12 老鼠vs男枪,13 皇子vs螳螂,14 男枪vs盲僧
01 皇子vs梦魇 战绩请看简介,02 螳螂vs伊芙琳,03 老鼠vs瑟提,04 皇子vs扎克,05 男枪vs螳螂,06 酒桶vs艾克,07 狮子狗vs酒桶,08 皇子vs奥拉夫,09 龙女vs梦魇,10 盖伦vs乌迪尔,11 盖伦vs皎月,12 星露谷物语
01 皇子vs男枪 战绩请看简介,03 皇子vs雷克塞,04 老鼠vs武器,05 螳螂vs盲僧,06 皇子vs螳螂,07 盖伦vs伊芙琳,08 劫vs岩雀,09 皇子vs潘森,10 老鼠vs剑圣,11 盖伦vs梦魇,12 螳螂vs蔚,13 男刀vs赵信,14 男枪vs皇子
01 皇子vs龙龟 战绩请看简介,02 艾克vs男枪,03 螳螂vs奥拉夫,04 奥拉夫vs乌迪尔,05 皇子vs雷克塞,06 人马vs豹女,07 龙女vs皇子,08 蜘蛛vs螳螂,09 皇子vs凯隐,10 皇子vs千珏,11 龙女vs赵信,12 蜘蛛vs奥拉夫,13 岩雀vs艾克,14 艾克vs剑圣
01 皇子vs皎月 战绩请看简介,02 酒桶vs剑圣,03 盖伦vs小丑,04 螳螂vs人马,05 凯隐vs剑圣,06 人马vs蜘蛛,07 提莫vs蜘蛛,08 皇子vs猪女,09 男枪vs豹女,10 酒桶vs盲僧,11 老鼠vs小丑,12 螳螂vs盲僧,13 盖伦vs皇子,14 提莫vs螳螂,15 皇子vs狗熊
01 诺手vs艾克 战绩请看简介,02 盖伦vs扎克,03 皇子vs盲僧,04 蜘蛛vs雷克塞,05 奥拉夫vs蜘蛛,06 皇子vs扎克,07 奥拉夫vs伊芙琳,08 螳螂vs皇子 ♀,09 男枪vs剑圣 ♀,10 狮子狗vs赵信 ♀,11 挖石油,12 劫vs龙龟,13 诺手vs剑圣,14 盖伦vs猪妹,15 纳尔vs艾克,16 挖石油
01 皇子vs龙女 战绩请看简介,02 老鼠vs雷克塞,03 螳螂vs男枪,04 凯隐vs蜘蛛,05 酒桶vs人马,06 蜘蛛vs奥拉夫,07 男枪vs雷克塞,08 龙女vs蜘蛛,09 男枪vs螳螂,10 盖伦vs螳螂,11 人马vs瑟提,12 木木vs瑟提
01 皇子vs波比 战绩请看简介,02 诺手vs螳螂,03 螳螂vs男枪,04 皇子vs男枪,05 皇子vs蜘蛛,06 皇子vs男刀,07 皇子vs男枪,08 皇子vs艾克,09 皇子vs赵信,10 诺手vs塞拉斯,11 皎月vs赵信,12 劫vs螳螂
01 皇子vs奥拉夫 战绩请看简介,02 男枪vs人马,03 奥拉夫vs蜘蛛,04 盖伦vs螳螂,05 酒桶vs皇子,06 中单卡萨丁vs艾克,07 蜘蛛vs雷克塞,08 螳螂vs扎克,09 艾克vs奥拉夫,10 狗熊vs男枪,11 龙女vs皇子
01 凯隐vs蜘蛛 战绩请看简介,02 老鼠vs皇子,03 男枪vs螳螂,04 皇子vs盲僧,05 螳螂vs盲僧,06 男枪vs盲僧,07 老鼠vs龙女,08 千珏vs男枪,09 酒桶vs皇子,10 男枪vs螳螂,11 盲僧vs豹女,12 老鼠vs岩雀
01 凯隐vs男枪 战绩请看简介,02 男枪vs剑圣,03 剑圣vs螳螂,04 诺手vs螳螂,05 巨魔vs盲僧,06 铁男vs艾克,07 火男vs艾克,08 皇子vs木木,09 男枪vs梦魇,10 盲僧vs慎,11 狗熊vs男枪,12 酒桶vs男枪,13 男枪vs螳螂
01 皇子vs龙女 战绩请看简介,02 酒桶vs艾克,03 螳螂vs艾克,04 千珏vs艾克,05 男枪vs蜘蛛,06 剑圣vs男枪,07 魔腾vs盲僧,08 螳螂vs蜘蛛,09 皇子vs螳螂,10 人马vs皇子,11 布隆vs龙龟,12 男枪vs奥拉夫
01 螳螂vs盲僧 战绩请看简介,02 劫vs蜘蛛,03 蜘蛛vs死歌,04 皇子vs蜘蛛,05 皇子vs盲僧,06 皇子vs蜘蛛,07 狮子狗vs雷克塞,08 螳螂vs扎克,09 盲僧vs剑圣,10 皎月vs蜘蛛,11 诺手vs皇子,12 老鼠vs武器,13 艾克vs蜘蛛,14 猛男♂交心
01 皇子vs雷克塞 战绩请看简介,02 老鼠vs剑圣,03 千珏vs豹女,04 酒桶vs皇子,05 男枪vs皇子,06 死歌vs皇子,07 老鼠vs盲僧,08 螳螂vs皇子,09 蜘蛛vs雪人,10 螳螂vs武器,11 中单皇子vs男刀,12 波比vs蛮王
01 皇子vs死歌 战绩请看简介,02 中单男枪vs卡萨丁,03 螳螂vs豹女,04 男枪vs剑圣,05 老鼠vs武器,06 千珏vs艾克,07 男枪vs皇子,08 螳螂vs蜘蛛,09 死歌vs盲僧,10 提莫vs皇子,11 中单卡牌vs鳄鱼,12 男枪vs盲僧
01 皇子vs男枪 战绩请看简介,02 男枪vs龙女,03 老鼠vs剑圣,04 酒桶vs艾克,05 千珏vs盲僧,06 中单皇子vs亚索,07 螳螂vs艾克,08 蜘蛛vs艾克,09 老鼠vs雷克塞,10 盲僧vs剑圣,11 中单卡萨丁vs皎月,12 中单艾克vs青钢影,13 中单妖姬vs吸血鬼,14 中单男枪vs菲兹,15 中单泰坦vs猴子
01 皇子vs盲僧 战绩请看简介,02 螳螂vs凯隐,03 凯隐vs豹女,04 木木vs螳螂,05 男枪vs龙女,06 皇子vs狼人,07 人马vs皇子,08 艾克vs剑圣,09 艾克vs豹女,10 螳螂vs皇子,11 RPG 上,12 RPG 下
01 皇子vs豹女 战绩请看简介,02 螳螂vs豹女,03 奥拉夫vs酒桶,04 酒桶vs猪女,05 皇子vs龙女,06 人马vs魔腾,07 皇子vs男枪,08 蜘蛛vs艾克,09 螳螂vs木木,10 中单皇子vs塞拉斯,11 小丑vs剑圣,12 武器vs皇子,13 中单卡萨丁vs龙王,14 螳螂vs巨魔,15 星露谷物语
01 螳螂vs猪女 战绩请看简介,02 酒桶vs塞拉斯,03 皇子vs剑圣,04 人马vs塞拉斯,05 小丑vs伊芙琳,06 酒桶vs男枪,07 男枪vs蜘蛛,08 皇子vs艾克,09 螳螂vs塞拉斯,10 凯隐vs蜘蛛,11 螳螂vs艾克,12 盲僧vs剑圣,13 中单菲兹vs男枪,14 小丑vs蜘蛛
01 螳螂vs皇子 战绩请看简介,02 猴子vs小丑,03 提莫vs盲僧,04 猴子vs剑圣,05 卡牌vs魔腾,06 螳螂vs死歌,07 皇子vs岩雀,08 盲僧vs男枪,09 螳螂vs猴子,10 凯隐vs螳螂,11 火男vs皇子,12 人马vs酒桶,13 提莫vs人马,14 螳螂vs皇子,15 中单流浪vs小鱼人
01 皇子vs死歌 战绩请看简介,02 蜘蛛vs雷克塞,03 小丑vs螳螂,04 螳螂vs魔腾,05 酒桶vs男枪,06 龙女vs艾克,07 男枪vs奥拉夫,08 人马vs艾克,09 螳螂vs木木,10 小丑vs男枪,11 中单石头vs吸血鬼,12 中单皎月vs冰女,13 中单石头vs蛮王,14 中单大嘴vs亚索
01 皇子vs赵信 战绩请看简介,02 小丑vs人马,03 螳螂vs皇子,04 盲僧vs螳螂,05 酒桶vs蜘蛛,06 小丑vs凯隐,07 皇子vs剑圣,08 螳螂vs男枪,09 人马vs武器,10 中单泽拉斯vs铁男,11 中单石头vs艾克,12 上中维克托vs狗头,13 中单泽拉斯vs亚索
01 皇子vs男枪 战绩请看简介,02 螳螂vs男枪,03 酒桶vs男枪,04 人马vs酒桶,05 小丑vs蜘蛛,06 螳螂vs男枪,07 男枪vs盲僧,08 中单狐狸vs丽桑卓,09 中单石头vs兰博,10 中单泽拉斯vs火男,11 螳螂vs蜘蛛,12 龙女vs盲僧,13 武器vs皇子
01 螳螂vs艾克,02 皇子vs赵信,03 蜘蛛vs赵信,04 老鼠vs蜘蛛,05 盖伦vs剑圣,06 皇子vs蔚,07 螳螂vs扎克,08 豹女vs狗熊,09 螳螂vs男枪,10 中单吸血鬼vs奎因,11 中单石头vs剑圣,12 中单皇子vs妖姬
01 皇子vs蜘蛛 战绩请看简介,02 中单卡牌vs艾克,03 中单石头vs劫,04 螳螂vs豹女,05 酒桶vs皇子,06 螳螂vs伊芙琳,07 酒桶vs皇子,08 男枪vs艾克,09 皇子vs猪女,10 男枪vs盲僧,11 小丑vs酒桶,12 皇子vs赵信,13 螳螂vs剑圣,14 火男vs凯隐
皇子vs酒桶18-0 前期一打三，中期一打四，对面投降,老鼠vs死歌30-0 胆大心细回马Q；预判闪现减她速；,小丑vs瞎子27-3 一千把的功力见识一下；摩擦摩擦，车轮战，分身上完我再上；,皇子vs酒桶18-3上 越塔的时候被吉格斯gank掉线；,皇子vs酒桶18-3下 重启；科比遇到对手了；猛男1打3；,老鼠vs大虫子27-4 对面刀妹大虫子，老鼠很不好打；,酒桶vs瞎子29-1 一千AP的极致核弹，两个技能秒杀；,皇子vs人马24-4 三级打麻将，超极限巅峰科比，玩的就是心跳
精剪01完整
酒桶vs瞎子29-1 一千AP的极致核弹，两个技能秒杀
皇子vs豹女23-3 永动机A一下回600血；先锋理财1600；实力装掉线；,酒桶vs猴子21-1  细节走位gank亚索；基本操作E闪 三分球 几何桶；,老鼠vs赵信24-3 拉野教学；串串串串串烧；吓得赵信塔下反向W；,小丑vs皇子23-5 套路单开，反野速三；蛤蟆小丑，偷家稳得一匹；,瞎子vs皇子29-2 贫僧一脚踹4个有缘人；走位气得亚索E死自己；,皇子vs蜘蛛21-3 百分百参战率；全队带控，和石头人双飞配合无间；5杀被抢了4个；,挖掘机vs豹女21-7 叶师傅说适合上分和新手；
酒桶
皇子vs人马 二级团超级巅峰科比
酒桶vs盖伦29-2 疾跑狼头有梦想的；被草丛大宝剑制裁了一下下；,阿木木vs武器21-3 团战孤独打全队输出；放过我，我还是个孩子；,奥拉夫vs人马26-5 一年一把，看到就是赚到；打了5万输出你敢信；,皇子vs奥拉夫19-1上 被认出来了；细节升六不慌不忙；热度小降是因为考试吧；,皇子vs奥拉夫19-1下 当你面刷你F6再eq走，我就问你......,酒桶vs赵信20-5 在僵局中寻找突破点；
老鼠vs龙女25-2 被反野就gank+蹭经验；最后一波2v4团灭，对方心态爆炸；,小丑vs蜘蛛22-2上 这世间本没有科比；对面小鱼和ad都挺会玩的；,小丑vs蜘蛛22-2下 这世间本没有科比；对面小鱼和ad都挺会玩的；,皇子vs赵信17-3 忽悠水友女装直播；5分钟打野刀；三步上篮杀老鼠；,酒桶vs瞎子22-3 二级河道满血单杀瞎子；E闪拐弯收亚索；细节越塔武器；,阿木木vs稻草人22-6 展示一下6秒KO大龙（其实是10秒）,皇子vs武器19-4 武器16分钟超鬼，一把游戏0-13太惨了；,老鼠vs凯隐25-2 下路连环蹲，你还skr人？
酒桶vs风男19-1 面对疾什么吧？意图操盘被秒表制裁；,大虫子vs剑圣14-1 全AP猛男哥斯拉；1打3瞬秒三杀，快到队友没助攻；,皇子vs梦魇27-2 科普饮魔刀+血手的优势；猛男出装1vs4，天神下凡 血都不掉；,皇子vs武器19-3 劣势翻盘；团战理解很重要，逆风局局长们参考学习一下；,阿木木vs蜘蛛30-2 录歪1处；我不怕你的，我有无效化发球+E+铁头功，打我啊；,狮子vs青钢影13-6 又是半小时劣势翻盘局；,老鼠vs瞎子34-9上 六万输出40分钟鏖战；被针对的一局，心累难打；,老鼠vs瞎子34-9下 六万输出40分钟鏖战；被针对的一局，心累难打；
皇子vs螳螂35-2 永动机出装；欺负我兄ti弟mo是吧；这局旗子插死四五次人；,瞎子vs蜘蛛23-3 Q的包中秘诀；16分钟下路搓麻将2打5；又出饮魔刀啦；,狮子vs皇子31-5 AD定时去世；算到你了大眼怪；一个加强Q皇子懵了；,酒桶vs稻草人26-4 日常几何桶；14分钟开始秒人之旅；被连控+血怒制裁；,皇子vs人马14-1上 成语大师：请君入瓮，瓮中捉马，送他回家；趁马互动要马命,皇子vs人马14-1下  成语大师：请君入瓮，瓮中捉马，送他回家；趁马互动要马命,酒桶vs剑圣14-3 教剑圣三角几何学和三分上篮；草丛守桶待卡特；,皇子vs梦魇13-7 逆风开局自己0-2，全队1-5；
181224皇子vs梦魇27-2
小丑vs梦魇31-1 开局被欺负；小叶飞刀K头无数；,酒桶vs蛮王26-3 日常欺负下路；教亚索上几何课；出金身了你敢信；,豹女vs潘森25-4 一Q秒杀；24分钟6神装；卡视野反杀教学；,老鼠vs蛮王25-6 配合宝石两个人就能打完全部团战；,酒桶vs螳螂15-1 这局是几何桶教学；求求你别来下路了；,男枪vs螳螂25-2 岚切火炮暴击流；吃了无数个点燃；,蜘蛛vs瞎子21-3 死歌报警了；德莱文也报警了；单挑大龙；
皇子vs豹女23-3  永动机A一下回600血；先锋理财1600；实力装掉线；
无解连招E闪几何桶，吹瓶伏特加，100%包会
皇子vs猴子25-5,酒桶vs赵信16-3,小丑vs男枪6-2,蜘蛛vs螳螂26-3 后期队友轮流送，打团巨难受,皇子vs乌迪尔20-3,瞎子vs皇子20-9上 输；上单1-13，中单1-12，Faker也顶不住啊；,瞎子vs皇子20-9下 输；上单1-13，中单1-12，Faker也顶不住啊；,狮子vs男枪23-3,酒桶vs赵信11-1,皇子vs狮子狗20-3上,皇子vs狮子狗20-3下,皇子vs乌龟18-3上,皇子vs乌龟18-3下,酒桶vs剑圣17-1
181226酒桶vs乌迪尔22-2
老鼠vs瞎子38-6 网管！五杀啦！,皇子vs瞎子24-0,阿木木vs皇子28-6,男枪vs赵信18-4,酒桶vs螳螂14-2,酒桶vs武器14-3,皇子vs凯隐29-6上,皇子vs凯隐29-6下,酒桶vs豹女19-5
酒桶vs乌迪尔22-2 日常下路拿第一桶金；各个击破，风筝打团；,皇子vs人马28-2 人头助攻最多的一局；麦片营业许可证，弹幕疯狂开车；,皇子vs人马28-2下,奥拉夫vs梦魇18-4 被我Q到的时候你已经死了；表演残血声控秒人，死于莽夫上头；,男枪vs蜘蛛21-6 均势局，后期一枪一人头；被队友蒙多的爆炸果实秀到；,小丑vs乌龟22-4 在下路发家致富；与小鱼人斗智斗勇；被吸血鬼操盘；,皇子vs赵信24-1 顺风死亡之舞吸血掉不下来，正常黑切血手也很强,酒桶vs男枪17-2 前期没劣势，到6随便杀男枪；男枪伤害比辅助还低，想证明自己？,皇子vs剑圣22-3 二级单挑谁怂谁孙子；12分钟极限三杀；
老鼠vs瞎子34-4 双五杀,皇子vs赵信29-5 五杀,皇子vs巨魔25-1,酒桶vs艾克32-1,武器vs螳螂23-4,蜘蛛vs猴子26-2,老鼠vs瞎子28-5,酒桶vs老鼠29-2,皇子vs蛮王27-1,狮子vs瞎子28-3,老鼠vs皇子14-1
大龙：我13000血被15秒单挑了？卡莎 ：我1300血被1个R秒了？
4.0攻速，两秒A死五个人！网管：还没2分钟你又五杀啦！？
老鼠vs瞎子38-6
瞎子vs凯隐26-2 少林功夫好耶，进进出出1打3,老鼠vs瞎子38-3 老鼠起来对面怎么死的都不知道,皇子vs赵信20-2 K头准备；叫人也得死！趴下,酒桶vs男枪21-2 老实人没有幽默细菌,酒桶vs男枪21-2下 掉线重连,皇子vs酒桶20-1 超高性价比，四千块顶八千出装效果,皇子vs瞎子20-6 输，1个不能打5个,凯隐vs皇子27-5 上次玩凯隐还是去年，看到就是赚到,凯隐vs皇子27-5 下,蜘蛛vs剑圣24-3 和德莱文残血互A，斗智斗勇；队友是笨比,蜘蛛vs剑圣24-3 下,皇子vs豹女13-2 上路打麻将；1个等级\u003E1个人头；艾克小儿欺我无蓝
皇子vs瞎子16-1 开播，7点上班没见过吧,酒桶vs剑圣25-5 给自己超度念经？7分钟开始秒人；,瞎子vs阿木木13-8输 三路爆炸；结尾弹幕妈劈半警告；,皇子vs凯隐18-3 开局偷野有风险；闪现撞一血；,老鼠vs男枪15-2 二级反男枪，闪现躲平A,狮子狗vs男枪17-2 不被瞬秒很好打刺客；走位→被Q死→走不了了,小丑vs瞎子29-2 先锋逼闪；给德莱文一个难忘的夜晚,皇子vs剑圣19-6 六级打九级你怎么想的？15分45秒剑圣要死,凯隐vs酒桶20-2 一个R钻进刀妹的身体里,狮子vs螳螂24-4 有螳螂玩一把狮子狗；600AD了解一下；,皇子vs男枪4-1 对面15右边拉满,老鼠vs瞎子21-5 这把的德莱文也有一个难忘的夜晚,皇子vs赵信24-2 断网2次录歪了；
皇子vs 青钢影21-4 一个皮三个，七进七出诺手气到脑淤血,酒桶vs赵信28-4 身败名裂死亡闪现；有闪=E不可能空,皇子vs龙女34-0 一次不死，电甲无尽重出江湖；一屁股两开花完美收尾,老鼠vs狮子16-5 2级快乐蹲上，还好提前mute all；四杀挽尊,瞎子vs大虫子21-4 欢乐依旧；吉格斯警告；两大坨肉；,酒桶vs瞎子13-5 十分钟开始秒人；上单表演一手脸上偷家,男枪vs狮子26-5 二级70护甲骑脸怎么输？狮子狗6分钟3级怎么打？,皇子vs酒桶26-2 网管！网⺮...算了坐下我没事；五杀被抢；,狮子vs酒桶13-5 没想到吧？酒桶：你想法挺多；恭喜加班火箭,蜘蛛vs瞎子29-2 11分钟巅峰期；单挑大龙；站撸风男,皇子vs梦魇17-2 别客气送你回家；大招抵消射墙；,皇子vs酒桶21-6 你们想着如何不亏，我想的是如何多赚一点
皇子2v8
190105皇子vs龙女34-0
190105酒桶vs赵信28-4
皇子vs男枪25-3 双杀吃线3分钟起飞；哎呀我装了；,酒桶vs波比13-1上 算刀数猜位置；抢蟹吃人，我全都要,酒桶vs波比13-1下 重连；这个波比出护甲看不起谁呢,老鼠vs男枪16-2 惯例2级抓中升3再抓下；W减速，红惩，R灵光披风，保持距离,赌神+狮子vs凯隐23-4 被阴双W反杀；偷家单挑门牙塔,皇子vs瞎子13-1 一切尽在预判；对面投降右边拉满,艾克vs瞎子26-4 瞎子稻草人死于装逼；残血钓鱼；死于大面具；,木木vs蔚31-7输 呆比队友不会赢游戏；,皇子vs蔚29-3输 队友不团被抓，给对面机会；,酒桶vs剑圣31-1 还玩不玩，你秀我比你更秀；为什么不出巫妖,蜘蛛vs凯隐22-1 小炮可以，弟亡待遇安排一下；猛男钓鱼，愿者上钩,瞎子vs赵信13-2 没想到吧我还在；提莫是科比
190105皇子vs青钢影21-4
皇子vs瞎子33-4 控蟹控不住啦；想跑？xN；跑路不忘叉人；,老鼠vs龙龟26-3 细节回蓝，闪现打断龟壳滚；调整位置biubiu穿三个；,皇子vs男枪32-1 2次三包一男枪；漫不经心的1打4；小龙坑牛头传球；,蜘蛛vs武器20-3 红开中途掉线；被勾引了；E躲石头大招；,皇子vs老鼠32-2 4TD; 和ad互相假动作；露露玩家减一；,酒桶vs剑圣25-3 科比克星老蛤蟆；对面没肉是真的爽；,皇子vs赵信25-1 我不信你有大，石头人：？；视图插眼骗平A；,酒桶vs男枪11-0 6分钟才开张；下二草军训完，不堪受辱对面15；,凯隐vs波比18-6输 三路爆炸；,男枪vs死歌20-10输 上下炸穿；
死歌vs阿木木23-2 7级木木11级死歌；带劫喝阿狸的汤；,瞎子vs赵信19-2 三个AD应该再玩一把死歌；超远距离q中摸眼回旋踢；,皇子vs梦魇17-3 半肉战士出装；19个助攻；,狮子vs剑圣20-1 提前开Q，EW四星Q秒杀；塔下念经都救不了你；,死歌vs猴子25-4 两个q直接抬走；一键秒杀AD；,皇子vs豹女26-5 极限手速，四杀力挽狂澜；上路大不放，中路大不中；,死歌vs凯隐23-4 全地图K头；被三条大汉围殴；以后加到节目单里来；,皇子vs猴子28-1 距离不够Q闪来凑；这么肉啊小兄弟；差点钱找一下烬；,凯隐vs赵信26-7 下路神仙打架；6分钟蓝凯；,皇子vs梦魇26-2 人蟹两吃，先做眼的好处；野怪仇恨小知识；,酒桶vs寡妇15-1 爆炸果实传球；开光嘴，可能有人要来了；,皇子vs寡妇21-4输
皇子vs男枪16-2 璀璨人机3开播；18分钟一波三杀打崩对面心态；,酒桶vs皇子21-1上 3P失败，心态爆炸；,酒桶vs皇子21-1下 直播断了重连；,瞎子vs男枪18-3 段位高了，打不过就会投,皇子vs寡妇18-7 均势，2边都是打野肥；少1分钟；,酒桶vs瞎子21-4上 24分门牙塔被破，之后开始掉线,酒桶vs瞎子21-4中 重连失败，弹幕在刷流局，重启电脑,酒桶vs瞎子21-4下 已经掉线5分钟；翻盘！,皇子vs潘森21-3 三路崩抓人要考虑对面支援先到；女坦婕拉小彩蛋；,酒桶vs瞎子13-2 魔鬼教官军训下路；吃个炮车不亏；,酒桶vs男枪12-6 蓝buff处打麻将；前期基本拿个人头死一次,皇子vs男枪22-3 控双蟹的优势，啊再见朋友；,劫vs风男12-6输 被系统安排；忍辱负重单杀风男；操作不动耻辱下播
190106皇子vs男枪22-3_1
皇子vs酒桶24-0,死歌vs男枪22-3,瞎子vs螳螂13-0,死歌vs梦魇19-3,皇子vs剑圣29-3,酒桶vs瞎子21-4,皇子vs人马21-4,木木vs赵信12-1,酒桶vs龙龟25-1,皇子vs男枪10-1,老鼠vs瞎子16-6,皇子vs青钢影17-2
木木vs蜘蛛24-2,皇子vs瞎子17-1,老鼠vs梦魇20-2,蜘蛛vs皇子9-2,酒桶vs豹女20-4,皇子vs瞎子20-2,皇子vs木木24-2,蜘蛛vs梦魇22-5,瞎子vs赵信16-3,酒桶vs凯隐35-2,皇子vs挖掘机23-4
190111木木vs皇子26-1
190112皇子vs木木24-2
皇子vs艾克37-0,皇子vs赵信15-3,蜘蛛vs瞎子19-4,酒桶vs豹女12-1,皇子vs男枪18-3,蜘蛛vs瞎子21-6,老鼠vs寡妇17-2,皇子vs男枪13-4,凯隐vs男枪23-6,酒桶vs瞎子16-5 输
190105蜘蛛vs瞎子29-2
峡谷之巅30杀 赵信五速鞋+5攻速剑
皇子vs螳螂7-9 输,梦魇vs猴子13-3,梦魇vs皇子17-7 输,酒桶vs剑圣14-1,皇子vs剑魔7-3,蜘蛛vs赵信8-0,皇子vs赵信30-2,酒桶vs狼人10-3 输,蜘蛛vs凯隐12-7 输,皇子vs螳螂10-3 输,皇子vs男枪16-3,酒桶vs剑圣11-2
当你在钻石局37杀不死，对面：放弃翻盘，就想杀你一次
皇子vs寡妇2-2 千里蹭助攻；军训下路，混子VN贼开心；老子有表；炸走武器开龙；,皇子vs豹女15-4 给力啊卡莎，帝王待遇；中野炸穿，这把赢了；200点魔抗一打二；,皇子vs瞎子11-3 兰博战术跳舞，一级团打崩对面；瞎子帮打红；R起手越塔；军训瑞兹；,酒桶vs螳螂11-2 下路1换3稳了；艾克萌萌哒来个几何桶；蓝buff偷一年；,皇子vs寡妇17-7 输；对面狗头是爸爸,酒桶vs蜘蛛10-2 上局的狗头爸爸变队友了；,皇子vs男枪11-7 两边支援好快；900块发财啦；老鼠跟不上伤害，难受；,酒桶vs雪人9-3 对面冰女辅助；逆风开局，在下路打开局面； 你好奥巴马，真男人不回头；,蜘蛛vs挖掘机10-7 输,皇子vs男枪3-6 输,皇子vs凯隐1-0 福利局，对面中单挂机；,皇子vs梦魇8-5 极限逃生失败；这么好用的表在哪里买的？对面真的顽强；,蜘蛛vs潘森11-3 六分钟你来下路3次？；商业互吹；带坏下路，3人下二草蹲卡莎；,酒桶vs扎克9-4 搞我？劳资光荣下播；解说型打野；给力风男1道风4个扎克；被卡莎R躲桶子x2
抱歉，打野不喜欢给惩戒中单当狗
皇子vs雪人9-1,死歌vs男枪15-2,蜘蛛vs瞎子24-3,皇子vs剑圣26-2,瞎子vs千珏21-7,豹女vs猴子15-4,皇子vs人马31-4 凭什么给中单当狗；剑魔送头挂机反自家野区；这把玩野核,酒桶vs小丑24-2,木木vs皇子26-1,皇子vs狮子27-3,死歌vs瞎子20-3,皇子vs木木21-7
190109死歌vs猴子25-4
想抢大龙？你没见过的瞬秒大龙4000血
卡莎风女：5分钟来4次，你还是个人？
皇子vs寡妇12-6 输,皇子vs寡妇11-4 输,酒桶vs男枪7-6 输,皇子vs螳螂8-2,皇子vs潘森14-3,皇子vs人马8-6 输,梦魇vs青钢影6-7 输,蜘蛛vs潘森15-2,皇子vs狮子15-3,皇子vs瞎子8-2,蜘蛛vs潘森7-6 输
皇子vs赵信16-5,皇子vs瞎子9-5,皇子vs蜘蛛18-5,皇子vs螳螂9-0,皇子vs瞎子10-0,皇子vs瞎子7-2,皇子vs死歌8-3,皇子vs瞎子13-9 输,皇子vs潘森12-7,皇子vs千珏6-5 输,酒桶vs蜘蛛13-3,皇子vs青钢影13-7
皇子vs螳螂20-1,酒桶vs瞎子25-2,皇子vs狮子10-3 大师局,皇子vs瞎子11-4 大师局,酒桶vs死歌5-6 输 大师局,皇子vs雪人7-9 输 大师局,皇子vs剑圣6-6 输 上 大师局,皇子vs剑圣6-6 输 下 大师局,瞎子vs猴子6-5 输,狗头vs剑圣23-5,木木vs雪人29-2 五杀,重开+狗头vs剑圣10-4
190122皇子vs雪人7-9 输
蜘蛛vs青钢影,皇子vs瞎子,皇子vs螳螂,酒桶vs男枪,潘森vs螳螂,皇子vs赵信,死歌vs男枪,木木vs男枪,皇子vs梦魇,凯隐vs瞎子,皇子vs酒桶,狮子vs瞎子
皇子vs剑圣18-1 狗拳头加5%攻速有屁用；真香；,死歌vs皇子26-5 一大收两头；QR杀诺手,皇子vs武器20-2 军训辅助大眼怪；享受帝王待遇级的追杀,狗头vs凯隐21-0上 还没Q爽，对面20了,狗头vs凯隐21-0下 还没Q爽，对面20了,狮子vs凯隐14-1+酒桶重开 被加里奥秀晕,斗地主+蓝凯vs皇子21-7 色情打野；第一皇子被人机皇子疯狂制裁,皇子vs瞎子22-6 和队友互动，可能引起不适，酌情观看,酒桶vs扎克10-2 和扎克比惨，10分钟6级；,蜘蛛vs螳螂21-2 蜘蛛不要E闪，记住了,木木vs赵信24-4 五杀；哭死牛头；永远在观察小地图
190125酒桶vs男枪25-2
皇子vs男枪29-3,狗头vs男枪14-2,皇子vs男枪9-5输 大师局,酒桶vs死歌11-0 大师局,狗头vs木木8-5 输,狗头vs螳螂23-8,皇子vs武器21-1,老鼠vs蜘蛛35-9,皇子vs男枪21-8 输
狗拳头卖皮肤才加强5%攻速？真香。。。
190126皇子vs大虫子22-3
皇子vs青钢影21-5 白金,酒桶vs奥拉夫11-2 白金,酒桶vs青钢影10-3上,酒桶vs青钢影10-3下,皇子vs剑魔3-2,酒桶vs瞎子2-4,皇子vs死歌16-2上,皇子vs死歌16-2下,酒桶vs扎克9-3,皇子vs蔚7-3上,皇子vs蔚7-3下,皇子vs男枪4-7 输
酒桶vs皇子,皇子vs大虫子,死歌vs男枪,凯隐vs皇子,皇子vs男枪,酒桶vs乌迪尔,皇子vs豹女,蜘蛛vs螳螂,凯隐vs螳螂
190126生化危机2重置版
木木vs雪人29-2 五杀
皇子vs螳螂10-1,酒桶vs瞎子14-7 上,酒桶vs瞎子14-7 下+瞎子重开,瞎子vs男枪22-4 输,皇子vs螳螂24-0,凯隐vs螳螂20-3,皇子vs赵信15-2+蓝屏,千珏vs乌龟11-0,蜘蛛vs瞎子7-9,老鼠vs狗头27-3,酒桶vs男枪14-6,皇子vs男枪6-8 输
剪辑190126凯隐vs皇子17-2_1
皇子vs凯隐,偷男vs青钢影,酒桶vs末日,皇子vs青钢,木木vs螳螂,死歌vs豹女,皇子vs男枪,凯隐vs青钢影,嘉文vs男枪
190128生化危机2
190128老鼠vs狗头27-3
螳螂vs瞎子17-4,凯隐vs武器15-1,皇子vs剑圣16-2 以上人机热手,老鼠vs瞎子17-5 以下大师冲分,老鼠vs男枪8-3,皇子vs螳螂5-0,老鼠vs蜘蛛7-7 输,皇子vs豹女2-0+酒桶重开,酒桶vs青钢影10-6,皇子vs瞎子9-2
火男vs千珏23-5,皇子vs赵信10-5 以上人机,皇子vs青钢影9-2 以下大师,皇子vs瞎子2-2,皇子vs偷男10-6 输,皇子vs凯隐8-3,酒桶vs青钢影7-7,皇子vs青钢影10-1,皇子vs蜘蛛7-3,皇子vs瞎子8-5,皇子vs豹女9-6 输,皇子vs瞎子6-5 输 22胜点下播
我们是冠军！虽然基地残血，但是我觉得我们能赢
皇子vs乌龟18-4,老鼠vs皇子17-4,卡莎vs螳螂22-8 输,瞎子vs青钢影19-1,皇子vs青钢影22-1,蓝凯vs千珏23-5,火男vs奥拉夫6-5,酒桶vs豹女13-3,卡牌vs皇子13-1,盖伦vs螳螂15-4,皇子vs千珏26-0
皇子vs狮子12-2,皇子vs螳螂24-2,瞎子vs蛮王22-4上,瞎子vs蛮王22-4下,皇子vs赵信26-1,死歌vs螳螂17-2,凯隐vs螳螂27-1,皇子vs剑圣30-5,老鼠vs青钢影24-6,酒桶vs天使21-1,豹女vs武器22-4,皇子vs剑圣19-2
螳螂vs瞎子31-3,酒桶vs皇子10-1,皇子vs豹女25-5,卡牌vs螳螂12-0,皇子vs千珏21-10,老鼠vs大虫子25-4,瑞雯vs瞎子8-1,狗头vs男枪4-3 输,螳螂vs狮子29-2 彩蛋局,瞎子vs皇子27-1 1打5下播
190202瞎子vs皇子27-1
190201皇子vs千珏26-0_1
190129皇子vs赵信26-1
皇子vs螳螂13-8,狮子vs千珏13-2,老鼠vs梦魇13-6 输,酒桶vs螳螂18-0,皇子vs瞎子11-3,凯隐vs龙女12-1,木木vs蜘蛛12-1,瞎子vs男枪29-1,皇子vs酒桶24-4,螳螂vs赵信21-1,皇子vs豹女22-2,皇子vs潘森17-7
螳螂vs木木22-2 五杀五杀,皇子vs瞎子21-5,瞎子vs皇子20-7 输,豹女vs皇子11-9 上,豹女vs皇子11-9 下,老鼠vs赵信30-5,皇子vs青钢影30-6,木木vs螳螂24-8 上,木木vs螳螂24-8 下,卡牌vs剑圣20-5,皇子vs人马34-9,皇子vs剑圣30-9
190203皇子vs人马34-9
190202螳螂vs狮子29-2
蜘蛛vs皇子13-5,皇子vs酒桶19-0,木木vs龙女16-4,鳄鱼vs瑞雯17-4,亚索vs皎月11-11 输,皇子vs瞎子29-1,螳螂vs剑圣25-5,瞎子vs剑圣15-4,酒桶vs人马8-11 耻辱下播
190203皇子vs剑圣30-9
皇子vs猪妹11-7,酒桶vs豹女21-0,瞎子vs兰博16-2,老鼠vs皇子16-8上 输,老鼠vs皇子16-8下 输+皇子重开
190205皇子vs瞎子29-1
皇子vs瞎子21-1,老鼠vs凯隐15-6,瞎子vs螳螂17-7,螳螂vs赵信15-2上,螳螂vs赵信15-2下,皇子vs蜘蛛24-3,酒桶vs男枪14-4,皇子vs凯隐18-4,卡牌vs酒桶15-0上,卡牌vs酒桶15-0下,火男vs男枪11-2,皇子vs酒桶13-1
190206瞎子vs男枪29-1
比中单先到6，一刀斩瞬秒艾克开不出R，打野皇子对潘森,圣物之盾瞎子，能补跑车能插眼，打野盲僧对乌迪尔,千里眼根据魂找到敌人，打野皇子对猴子,对面下路游戏体验极差，轰炸机飞谁谁死，打野梦魇对EZ,消防员皇子四处救火，四杀打野皇子对对赵信,想秀诺手被反秀hh，打野皇子对猪妹,就只有叶师傅肥独木难支，打野皇子对梦魇
瞎子vs皇子8-6 输,皇子vs凯隐28-2,卡牌vs剑圣8-8 输,酒桶vs剑圣27-3 上,酒桶vs剑圣27-3 下,老鼠vs狼人19-6 输,皇子vs乌龟15-1,瞎子vs赵信25-7,螳螂sv巨魔24-5上,螳螂sv巨魔24-5下,木木vs皇子26-2,死歌vs小丑23-5,蜘蛛vs酒桶17-3上,蜘蛛vs酒桶17-3下,皇子vs螳螂10-0
190206皇子vs豹女22-2
在下叶孤城，独孤求败但求一死，残暴28杀打野皇子对剑圣,EQ闪和女警闪现两级反转，一分钟一人头，打野皇子对龙女,AQW秒杀令人绝望，打野螳螂对发条,叶师傅送一血喜闻乐见，打野梦魇对艾克,一打龙龟就化身色情主播，打野皇子对龙龟,有加里奥R就是可以为所欲为，打野皇子对赵信
电刀无尽吸蓝刀一刀斩皇子，一刀秒蓝凯，打野皇子对凯隐,极限三杀不用刷哇塞，基本操作，打野皇子对猪妹,输出5W扛伤8W究极肉坦，打野巨魔对猪妹,叶师傅蜜汁E闪，草人哪有草塔好玩，打野卡密尔对狼人,草丛可不能乱钻，里面可能有个皇子，打野皇子对盲僧,叶师傅蜘蛛爆炸输出15分钟杀投对面，打野蜘蛛对男枪,对面又玩快乐风男打野被叶师傅制裁，打野皇子对亚索
自我介绍,LOL表演赛：斗鱼超越队vs斗鱼传奇队
时隔多日终于让网管加钱了，打野皇子对赵信,22分钟30杀人机模式开启，打野皇子对剑圣,你死了不跟你开玩笑，Q惩戒有点小帅，打野盲僧对吸血鬼,喜闻乐见送一血，95%参团率绝对CARRY，打野皇子对剑圣,这局一堆助攻K不到头hh，打野皇子对酒桶
AD让头非常懂事，伪五杀打野皇子对奥拉夫,对面打野超神，19-6超逆风翻盘，打野皇子对乌迪尔,叶师傅的瑞文居然有16.1的评分，打野瑞文对狮子狗,上中爆炸逆风翻盘，打野皇子对寡妇,碰到亚索胜率掉3成hh，都怕队友的亚索，打野皇子对巨魔
EQ无视禁锢，无尽吸蓝刀无情虐泉，打野皇子对剑圣,高地塔全被拔了，19杀逆风翻盘，打野男枪对狗熊,一脚一个1V4轻取四杀，打野人马对剑圣,杀了人反了野装完逼还能跑真刺激，打野男枪对皇子,大树非常懂事，他选择了一波上分，打野皇子对狮子狗,看完这把我想买个劫，打野梦魇对盖伦
卡莎真好玩，QAK头爽，打野卡莎对龙女,三进化多功能吸血装卡莎丝血瞬间回满，28杀打野卡莎对盲僧,夏日军训营，给你留下一个记忆深刻的夏天，打野皇子对梦魇,5W输出四杀人马有肉有输出，打野人马对狮子狗,4打1被双杀会不会玩？打野皇子对猪妹,大龙毁一生了呀叶师傅，打野皇子对剑圣
A兵升6反杀不要慌，反野刀真香，打野皇子对螳螂,老鼠要来了我们听一下脚步声，打野人马对老鼠,叶师傅冰拳兰顿深渊300斤豹女hhh，打野豹女对盲僧,三路崩盘也能赢，请兑现你们的承诺，打野梦魇对寡妇,我就是当面抢你蓝你能把我怎么样？打野皇子对男枪
对面的沉默控制有点恶心，打野卡莎对男枪,色情主播来个冈本套子还行，四杀打野皇子对人马,这狗熊卖屁股让并让塔属实好队友，打野卡莎对男枪,大招抵消风女Q没有被击飞，打野皇子对狮子狗,不要急一脚一个慢慢折磨死他们，打野人马对皇子
男枪五杀基本操作刷哇塞就完事了，打野男枪对剑圣,两边AD都挂机以示友好，被刀妹认出来了，打野皇子对凯隐,R抵消VN的E，状态好想躲什么技能就躲什么，打野皇子对凯隐,主播有练过的，这出装你们不要乱学，打野皇子对盲僧,看了这把我想买个劫，打野皇子对赵信,叶师傅的赵信，输出还是第一的，打野赵信对男枪
百分百暴击就这么暴力，四杀打野皇子对猴子,手抖实力踢小兵，31杀打野人马对皇子,电刀无尽电疗狗熊超鬼戒网瘾，打野皇子对狗熊,开车进泉水杀人有点过瘾，打野皇子对剑圣,中单掉线超鬼逆风翻盘，打野皇子对盲僧
W挡住武器E完美克制，野区都是自家后花园，打野梦魇对武器,不说话认真打终于赢一把了不容易，打野男枪对皇子,小蜜蜂提莫自带嘲讽，上单心态爆炸挂机，打野提莫对盲僧,6分钟反败为胜，这好像是个flag，打野皇子对狮子狗,人马独木难支，扛不住对面五杀大嘴的输出，打野人马对猴子
法外狂徒为所欲为，34杀七万输出，打野男枪对剑圣,W抵消盲僧的R完美克制，28杀打野梦魇对盲僧,闪现拉开Q回去反杀青钢影获三杀，打野皇子对青钢影,这波教你们如何抢(song)蓝(si)，很久没玩人马略显生疏，打野人马对狼人,等洛E人时再R一R双杀，打野皇子对螳螂,队友都没什么用都很混啊，打野皇子对螳螂
四个人就想杀我开什么玩笑？6分钟四杀游戏结束，伪五杀打野皇子对盲僧,丝血极限反杀皎月，31杀打野皇子对盲僧,这次是真·网管加钱了，五杀打野盲僧对猪妹,假装掉线勾引小鱼成功钓鱼素质极差，打野皇子对龙女,Q戳小龙让小龙吐死残血AD，打野皇子对盲僧,真男人1V3三杀，网吧键盘叶师傅经常按到QE，打野皇子对剑圣
26分钟40杀！6W输出天神下凡，打野皇子对盲僧,回首望月R收掉AD还突进杀辅助好帅哦，打野男枪对蔚,Q可以分辨妖姬真假身，短腿烬表示很绝望，打野梦魇对螳螂,三杀四杀一大堆，就是没五杀，打野皇子对凯隐,蛮三刀？对不起我只需要一刀，打野皇子对蛮王,反红套路失败，喜闻乐见逆风局，打野皇子对盲僧,百头大战5W输出属实心累，打野男枪对猪妹
17血极限逃生，塔下折磨烬用W活生生烧死，打野蒙多对螳螂,R抵消盲僧的R击飞，最近吃多了翻不过墙了，打野皇子对盲僧,无脑抗塔越塔，输出抗伤害都是第一，五杀打野蒙多对石头,七杀必死自然灾害没办法，五杀打野皇子对盲僧,74韧性根本控制不住为所欲为，打野蒙多对狼人,这个直播间4V5是很正常的，打野皇子对卡莎
相位猛冲蒙多了解一下，塔是什么不知道，打野蒙多对寡妇,E剑姬再用W挡他的W见招拆招，打野梦魇对狮子狗,不死流蒙多，想去哪就去哪，打野蒙多对挖掘机,叶师傅惨被石头怪打死，打野皇子对男枪,男枪是叠黑切最快的英雄，打野男枪对螳螂,叶师傅这把打得好奔放，输出最高，打野男枪对EZ
电刀绿叉无尽输出蒙多，26分钟六神，打野蒙多对男枪,叶师傅的提莫走A厉害啊，打野提莫对皇子,皇子攻击距离175比一般人长，打野皇子对盲僧,被菜刀Q到就要死，一直去杀狗，打野蒙多对盲僧,大胜利刀所向披靡，打野皇子对剑圣,鏖战40分钟，27杀6.7W输出打野皇子对豹女,叶师傅沉迷蒙多不能自拔，打野蒙多对蔚
九百法强中单核弹流石头见谁秒谁，中单石头对马尔扎哈,狐狸中路1V2丝毫不怂，E闪花式秀，中单狐狸对加里奥,细节走位1V2双杀，假装EQ骗艾克大招，打野皇子对寡妇,惩戒小兵加移速细节逃生，打野皇子对猴子,让乌迪尔感受绝望，27杀打野皇子对乌迪尔,叶师傅装逼失败惨被围杀，打野皇子对男枪,两把反野刀高速发育，对面锤子Q有点准，打野皇子对猴子
第三期成品
叶师傅第一把刀妹，轻松单杀斩获四杀，中单刀妹对吸血鬼,双四杀逆风翻盘，认真打不说话模式，打野皇子对瑞文,过来给你看一下我的奖杯，大不大？打野蒙多对狼人,放飞自我，花式中单，中单妖姬对男刀,峡谷死神，去哪哪死人，打野皇子对凯隐,麻瓜队友还闹情绪，有心杀敌无力回天，打野皇子对盲僧,EQ无视禁锢，卡视野声东击西杀MGN，打野皇子对男枪
Q闪空了hh，31-0不死战神，打野皇子对盲僧,520我们的主题就是烧死他们，打野蒙多对螳螂,两极反转抢红还能跑，闪现E插死龙女，打野皇子对龙女,上中下三路全崩叶师傅逆风CARRY，打野皇子对盲僧,闪现撞墙，这波演示一下1V3，打野皇子对螳螂,石头：叶师傅？，叶师傅：我是他徒弟，打野皇子对盲僧
绝地3V5五杀，网管12号机加钱，打野皇子对酒桶,假装掉线结果没蓝EQ，你把蓝给我交了，打野皇子对ez,上单掉线认真操作4V5，打野卡莎对皇子,一刀一个斩获五杀，打野皇子对巨魔,上中一直死，3V5逆风取胜，打野提莫对小丑,喜闻乐见被单杀，然后疯狂越塔杀安妮，中单刀妹对安妮,这上单玩得菜还喜欢带节奏，打野皇子对男枪
24分钟18级，这版本要掌控石头和蟹，打野皇子对盲僧,莽夫打野三枪夺命，打野赵信对皇子,赏金可以独拿，K头之王表示很开心，双四杀打野皇子对蝎子,河蟹只配强者拥有，EQ被锤子Q打断，打野皇子对赵信,价值700块的皇子，罪恶的一生被终结了，打野皇子对盲僧,25分钟神装，不过队伍没前排打得难受，打野男枪对小丑
惨被野区第一AD单杀，紧跟时间的人头和补刀，打野龙女对稻草,细节q两下E上去直接击飞秒杀，4W输出打野赵信对木木,峡谷的蟹都被我承包了，惨被剑姬1秀3，打野皇子对盲僧,越两级单杀劫，队友不信任自己很扎心，打野皇子对稻草,风女也能抢大龙，逆风4V6真难，打野皇子对螳螂
快乐皇子，在线K头，双方四杀的比拼！五杀打野皇子对螳螂,回家6700块钱可以买个老婆了，打野龙女对皇子,没人能抵抗掉线的诱惑，卡视野反杀WD，100%暴击打野赵信对乌迪尔,3V5极限五杀完成翻盘，打野男枪对盲僧,羊刀三项龙女削肉如泥，打野龙女对乌迪尔,逆风蒙多超神CARRY，黏住就跑不掉了，打野蒙多对皇子,记仇主播关注了，巴德他会觉得他亏了的，打野皇子对豹女
细节R躲梦魇恐惧，蓝凯WQA瞬秒敌人，打野凯隐对梦魇,0-2开局反压对面打野两级，逆风CARRY，打野龙女对皇子,EQ闪克制一切走位，四杀打野皇子对盲僧,功夫再高，也怕菜刀，打野蒙多对赵信,开局6个助攻这是假的叶师傅，打野皇子对梦魇,9分钟进化蓝凯开始杀猪233，打野凯隐对盲僧
助攻是什么我不知道，压对面打野四级，打野龙女对凯隐,吃了这个蟹你就是我的人了，打野男枪对皇子,想上分选红开，想快乐游戏选蓝凯，打野凯隐对男枪,输出抗伤害都是第一，逆风CARRY，打野龙女对赵信,教你如何加大力度军训上单，打野皇子对巨魔,野区扛把子一个人追着一群人跑，打野龙女对梦魇,越塔被杀，五杀被抢，太惨了，打野皇子对凯隐
三路全崩AD挂机终极翻盘，32杀打野皇子对螳螂,核弹赵信一枪秒杀AD，打了九个人的输出，打野赵信对盲僧,数秒闪现提亚马特打断老鼠回城，打野皇子对寡妇,制裁男枪，打出送人头提示了，打野皇子对男枪,卡视野反杀剑圣，一波与反一波，打野龙女对剑圣,玩着玩着闪退了有点给力，打野皇子对潘森,快乐男枪屏蔽队友快乐就完事了，打野男枪对剑圣
饮血死舞提亚马特胜利刀吸血流，大龙被抢hh，打野皇子对男枪,加强版大龙饿龙扑食无人能挡，打野龙女对狮子狗,宝石剑圣套路？在实力面前一切都是徒劳的，打野皇子对剑圣,野区陈浩南，拿着菜刀就是砍，打野蒙多对剑圣,只要点一下就够了，一刀一个小朋友，打野皇子对剑圣,一捅天下，你把你菊花给我交了，打野赵信对寡妇,日常大招抵消亚索击飞，轻松1V3，打野皇子对男枪
冰霜巨龙门牙前肆虐四杀，不死打野龙女对猪妹,对于死人我从来不会再看他····一眼···，打野梦魇对皇子,细节A兵升6学R秒杀，打野皇子对凯隐,冰锤粘人无处可跑，打野龙女对螳螂,2级找潘森单挑勇气可嘉，打野皇子对潘森
27分钟的杀戮，39杀皇子了解一下，打野皇子对男枪,三路被破逆风翻盘，打野皇子对寡妇,细节Q闪，有伤害有击飞，五杀打野皇子对梦魇,打不过这VN我把键盘吃了，打野皇子对盲僧,岚刃皇子，人头去质器！打野皇子对卡密尔,叶师傅聊了一下以前的事，很有趣，打野皇子对凯隐,优秀的打野是不需要助攻的，鱼人菜的真实，打野皇子对男枪
RA大嘴当场去世，就算大嘴有点怪也无妨，打野皇子对卡密尔,灵气披风龙女开R追人无人能逃，打野龙女对梦魇,惩戒石头升6秒杀剑圣，R抵消压缩风，打野皇子对剑圣,三相是我最肉的装备，35杀见谁秒谁，打野皇子对凯隐,伪五杀龙女，可惜有人复活了没连上，打野龙女对剑圣,羊刀龙女削铁如泥，输出最高，打野龙女对螳螂,叶师傅惨被套路，大招抵消薇恩E，打野皇子对盲僧
死闪送一血0-2开局五杀逆风翻盘，打野男枪对巨魔,五杀皇子，实力操盘，打野皇子对武器,岚刃狮子狗，暴力落地秒，打野狮子狗对盲僧,"闪电式EQ,EQ闪命中率百分百，打野皇子对男枪",闪现贴脸AQ蒸发VN，畅享秒人快感，打野男枪对豹女,闪现迁坟，极限锁血，打野皇子对剑圣
中单惩戒丽桑卓套路，快速发育，疯狂游走，中单丽桑卓对妖姬,上路崩盘中路被秀烂，打得超累，打野皇子对男枪,岚刃男枪两枪毙命，打野男枪对皇子,一刀千血，三级跳秒杀拉克丝，打野皇子对剑圣,压制游走，1人秀死对面中野，中单惩戒丽桑卓对亚索,29杀皇子日常CAEEY，打野皇子对艾翁,大器晚成型打野，岚刃出了就无敌，打野男枪对盲僧
峡谷狩猎场，41杀狮子狗嗜血屠杀，打野狮子狗对赵信,我叶音符不可能做饮魔刀的···饮魔刀真强！打野男枪对狼人,可惜没达成狮子狗螳螂的彩蛋，打野狮子狗对螳螂,派克刷野慢太弱了，打野男枪对派克,等对面松懈放松防范再跳人群中取AD首级，打野狮子狗对皇子,一场游戏3个水友，水友见面会，打野龙女对男枪,给鳄鱼帝王待遇以报闪现救命之恩，打野狮子狗对努努
还是电甲无尽之盾这出装比较稳，打野皇子对猴子,出手要快准狠！打野皇子对螳螂,好男枪大招都不是用来打人的hh，打野男枪对卡密尔,说着安排露露结果被露露安排了2次，打野皇子对猴子,被针对生气了，我要折磨他们，打野蒙多对男枪,亚索布隆2个盾，阵容上输了，打野男枪对螳螂
夏日军训营开始，我是你们的叶教官，打野皇子对赵信,男枪越塔大嘴绕柱疯狂A塔hh，打野男枪对盲僧,我以为我Q得够快，塔的炮弹就打不到我，打野皇子对盲僧,女枪交闪杀我，他并不知道事情的严重性，打野狮子狗对剑圣,盲僧Q闪，隔山打牛一R两个花式秀，打野盲僧对岩雀,五级狮子狗反七级皇子失了智，打野皇子对狮子狗
叶师傅岩雀首秀，可是一直上不了车，打野岩雀对盲僧,741攻击力狮子狗，投降警告队友，打野狮子狗对剑圣,爆炸伤害，疯狂游走gank，打野岩雀对蜘蛛
给快乐风男军训，泉水秒风男，打野皇子对盲僧,细节大招解除女警大招锁定，打野小丑对盲僧,一R三杀瞬间爆炸，打野男枪对赵信,盲僧35杀个人秀，不过太乏力了，打野盲僧对奎因
中单掉线4V5以少胜多，打野小丑对赵信,五杀男枪32杀杀人如麻，草丛老阴比，打野男枪对狮子狗
闪现到队友后面躲E，泉水五杀美滋滋，打野男枪对小丑,一刀1262秒杀AD，武器被杀超鬼，打野皇子对武器,有W回血丝毫不怂岩雀劫，打野狮子狗对岩雀,胆大心细，脆皮杀手，打野小丑对乌迪尔,为什么这男枪这么肉啊要A两下才死，打野皇子对男枪,对面都是魔法伤害，我们来一双攻速鞋，打野皇子对男枪,一级团叶师傅2个头2个助攻的，懂的都懂，打野皇子对盲僧
第四期成品
这局均势局，玩得都是细节意识，打野皇子对男枪,31杀狮子狗孤独CARRY，打野狮子狗对皇子,惩戒Q中武器R闪踢回去也太帅了吧，打野盲僧对男枪,你玩得最好的英雄就是最强的英雄，打野皇子对梦魇,下路两个短腿法师犹如提款机，打野狮子狗对盲僧,叶师傅对熔渣瞎子怨念很大，打野皇子对盲僧
五杀男枪，个人输出高于队友总和，打野男枪对赵信,瞬间斩杀，时光R都开不出来，打野皇子对男枪,这把用大脑取胜，肮脏一把，打野狮子狗对瑞文,10个剑圣9个贪，还有一个特别贪，打野皇子对剑圣,锤石预判Q劫回来的位置，看完想买锤石，打野盲僧对赵信,我就算被控到死也不可能做水银鞋的，打野皇子对老鼠,极限操盘，天台换人，打野皇子对剑圣
对面狮子狗艾翁中野套路，可惜没用，打野男枪对狮子狗,真眼钓鱼，泉水运钞车成功操盘，打野皇子对盲僧,41分推偷家取胜，打野狮子狗对盲僧,打断剑姬回城皮一下害死自己hh，打野皇子对青钢影,七杀必死这诅咒太恐怖，打野狮子狗对赵信,心理分析师叶音符，做蓝刀就是蓝色性格，打野皇子对人马,大龙被抢hh，自信回头烧死敌人，打野盲僧对狮子狗
33杀螳螂潇洒连跳，打野螳螂对武器,被妖姬秀成猪头了hh，打野皇子对岩雀,疯狂落地秒风女，风女游戏体验极差，打野狮子狗对盲僧,剑圣宝石套路？我让你R都开不出来，打野皇子对剑圣,日常欺负人马抢他蓝，打野男枪对人马
剑圣被杀超鬼，狮子狗又偷家了，打野狮子狗对剑圣,25杀6W输出男枪孤独CARRY，打野男枪对螳螂,一级抢我红看我打烂你的头，打野皇子对巨魔,好久不见的人马，依然是AD去质器，打野人马对潘森,对面的肉VN有点给力，打野皇子对梦魇,逆风翻盘，光荣下播，打野皇子对龙龟
双盒显威杀刀妹，假身骚扰真身偷红，打野小丑对盲僧,叶师傅强大的补发育能力，压赵信6级，打野皇子对赵信,细节双魂杀剑圣，优秀打野没人头，打野皇子对剑圣,打个伤害都是爱你的数字，打野男枪对武器,emmm斗鱼出问题也影响到录制了，打野皇子对猴子
五杀皇子，和塔姆配合默契，打野皇子对木木,自信1V4四杀，打野男枪对赵信,EQ闪击飞隐身VN，草丛戏耍杰斯，打野皇子对赵信,一旗杆插断男刀的腿，打野皇子对梦魇,闪现迁坟还行，打野盲僧对皇子
皇子R的墙被奥恩撞烂了，豆腐渣工程，打野皇子对凯隐,队友太瓜了，叶音符抢大龙尽力了，打野皇子对男枪,闪现丢旗想混助攻hh，打野皇子对寡妇,稳一点来件电甲吧，打野狮子狗对男枪
空中转身躲石化，两级反转再躲R，将计就计杀老鼠，中单皇子对蛇女,四杀男枪一枪毙命，打野男枪对盲僧,越塔杀莫甘娜被反杀hh，打野盲僧对凯隐,卡掉线了还能杀人还没死！打野皇子对狮子狗,5分钟2级只值90块钱的猴子，太惨了，打野皇子对猴子,男枪大招都是用来位移的，打野男枪对猴子
久违的中单皇子，打野流中单，中单皇子对冰鸟,下路ATM，EQ闪空了还行，打野皇子对男枪,教科书式的大招挡盲僧大招，打野皇子对盲僧,夜刃克制小法，一刀毙命，打野皇子对螳螂,不当怂比丶叶音符，打野皇子对梦魇,队友一直送，1V9尽力局，打野皇子对武器
你得不到我的人也得不到我的心，极限扑杀EZ，打野狮子狗对男枪,R抵消维恩E，一刀一个脆皮，打野皇子对提莫,22-8超逆风叶师傅飘逸抢大龙翻盘，打野盲僧对挖掘机,我感觉这盖伦想我死，他想篡位，打野皇子对盲僧,闪现秀死卡萨丁，叶音符回来了，打野皇子对梦魇,16分钟打投对面，赵信超鬼，打野皇子对赵信
贴心总管送钱送buff，瞬间蒸发VN，中单皇子对梦魇,细节打石头留魂双杀下路，打野皇子对兰博,中单皇子对小法，让我起来了最惨的是对面打野,副W提高生存能力，打野皇子对剑圣,空R空E热身运动，打野酒桶对木木,上路超鬼四杀CARRY，打野皇子对豹女
门牙被拔，7W6输出30杀抢龙翻盘，打野皇子对男枪,瞬秒千珏斩获五杀，打野皇子对千珏,一脚踢四个，预判妖姬W回去反向Q中，打野盲僧对艾克,皇子175尺寸比较大，射程多50，中单皇子对吸血鬼,全场一刀，通通只需要一刀，打野皇子对盲僧,队友太混，23杀尽力局，打野盲僧对赵信,R霸体可以跨过小法W虽然还会被眩晕，打野皇子对男枪
五杀皇子，回家5900逛超市，打野皇子对豹女,21分钟21杀，这波蕴含了100个细节，打野狮子狗对男枪,伪五杀，我要放水不然瞎子要挂机了，打野皇子对盲僧,你过来！我今天非得弄死你不可，打野蒙多对巨魔,0-2开局也能CARRY，杀人不忘日蟹，打野皇子对盲僧,小小赤兔还想造反？一刀千血教做人，打野皇子对人马
23-0-0优秀打野不需要助攻，泉水秒人还能跑，打野皇子对盲僧,对面控制有点多稳定出个攻速鞋，打野皇子对豹女,电甲2900涨价了？知道什么是恐惧吗，打野狮子狗对盲僧,中野互帮礼尚往来，给AD让个助攻，打野皇子对武器,叶师傅中单男刀对劫，菜菜的但是也17杀尽力C了,反复横跳多技能然并卵，打野皇子对赵信,骚气EQ闪，小兵操盘，打野皇子对龙女
走位躲Q中路1V2极限双杀，R躲风都是细节，中单皇子对亚索,石头人好听话hh，带着两个小弟打爆对面，打野皇子对剑圣,25分钟270刀20杀神装，打野皇子对剑圣,97%参团率21杀CARRY翻盘，打野皇子对梦魇,队友疯狂脏野叶师傅好气啊，打野皇子对猴子,直接秒杀天使R都开不出来，打野皇子对龙龟
第五期成品
19杀天秀瞎子，打野盲僧对猪妹,卡6Q闪单杀亚索，中单皇子对亚索,细腻走位多技能反杀虫子，打野皇子对木木,四杀皇子逆风CARRY，打野皇子对木木,诡术妖皇，给蛮王让个助攻，打野皇子对猪妹,日常华贵人机，打野皇子对巨魔,你们觉得德莱文输出第一？不可能！打野皇子对剑圣
EQ打断妖姬W，三连跳秒VN，打野皇子对千珏,扫描扫出个小提莫EQ秒掉，打野皇子对男枪,中单皇子对武器，商店促销买一把幕刃送一把,秒杀AD逆风翻盘，打野狮子狗对盲僧,打野皇子对盲僧，看完想买个小法,中单劫对冰鸟，依然是脆皮噩梦
泉水K头，给猴子戒网瘾了，打野皇子对猴子,0-2战绩开局四杀皇子逆风翻盘，打野皇子对梦魇,双W极限回血，勾引皇子被杀，打野狮子狗对皇子,队友麻瓜大龙被抢，打野狮子狗对龙龟,上路呆瓜养出个鳄鱼爸爸，打野皇子对蔚
致命节奏梦魇疯狂切菜，打野梦魇对男枪,超逆风男枪五杀CARRY翻盘，打野男枪对盲僧,安全套还是好用，安全第一，打野盲僧对皇子,闪E更远更准，打野青钢影对皇子,最高输出盲僧，满脑子都是骚操作，打野盲僧对皇子
R惩戒Q反杀螳螂，一脚T两个花式秀，打野盲僧对螳螂,看我这波三连跳，不要眨眼，五杀打野皇子对盲僧,28杀峡谷杀神见谁杀谁，打野皇子对凯隐,大招抵消赵信R，被风女秀死，打野皇子对赵信,叶师傅救死扶伤脚，打野盲僧对剑圣,日常帮戒网瘾，打野皇子对盲僧,是人是鬼都在秀，只有音符在挨揍，打野狮子狗对武器
第六期成品
R抵消亚索风，34杀无情杀戮，五杀皇子对梦魇,泉水双杀，队友是好人，五杀打野皇子对剑圣,闪现进草跳跳虎斩获四杀，打野狮子狗对皇子,隔山打牛杀剑圣，摸眼一脚T两个，打野盲僧对剑圣,12分30秒他会死在这边，预言家叶音符，打野皇子对皎月,叶师傅孤独CARRY玩得贼累，打野青钢影对千珏
隐身英雄无所遁形，一刀一个寡妇老鼠，打野狮子狗对寡妇,看穿卡牌走位，无限单杀，中单皇子对卡牌,对面4AP，胜利刀魔抗鞋显威，打野皇子对蜘蛛,完美克制蔚，四杀打野皇子对蔚,叶门弄皇教你做人，叶师傅R闪臭臭臭，打野盲僧对皇子,一分钟一人头屠杀铂金人机，打野皇子对狮子狗
40分钟百头大战，叶师傅超神CARRY，中单蛇女对皎月,瞬间斩杀蛮王，打野皇子对螳螂,叶师傅卢锡安1V4天秀全杀，中单卢锡安对天使,秒表金身躲技能等CD完美团战，打野皇子对千珏,叶师傅送一血被压颇为少见，打野皇子对盲僧
一分钟一人头，极限锁血，打野皇子对木木,飘逸E闪，隔山打牛杀龙王，打野盲僧对蛮王,反野反的人马生活不能自理了，打野皇子对人马,惩戒升6抓死VN，一次不死，打野皇子对盲僧,胜利之刀，真香，打野盲僧对木木,我还有EQ！我还有大招！我们回家买装备，打野皇子对梦魇
大招抵消瑞文三段Q，真眼钓鱼术，打野皇子对剑圣,真·F7刷新了，乌迪尔只值72块钱，打野皇子对乌迪尔,回马枪极限反杀，30杀独木难支，打野皇子对男枪,从1-3到逆风超神CARRY，打野盲僧对剑圣,瞬秒蛮王，日常假装掉线，打野皇子对努努,带领下等马翻盘，打野梦魇对盲僧,不说话认真模式开启，打野皇子对小丑
700+攻击力狮子狗一刀秒，艾克R都开不出来，打野狮子狗对武器,RA薇恩当场去世，打野皇子对剑圣,潘森大招等于空投钱包，狂秀小丑，打野狮子狗对小丑,罕见的对面打野等级能跟上叶师傅，打野皇子对男枪,ADC去世器，AD偷家666，打野狮子狗对男枪,队友投降了没办法··打野皇子对剑圣
慎R+加里奥R帝王待遇，2V5五杀，打野皇子对梦魇,压了对面打野7级，四杀打野皇子对酒桶,不卖队友丶叶音符，机器人虐泉有点坏，打野皇子对凯隐,重伤？把奶妈秒了就不需要了，四杀打野皇子对赵信,5分钟4个头游戏结束，Q闪补车还行，打野皇子对奥拉夫,计算出门时间越二塔杀AD，打野皇子对艾克,数秒Q闪打断回城失败，打野皇子对男枪
EQ闪撞墙，五杀打野皇子对男枪,打强势打野前期就换野区，一次不死稳得一匹，打野皇子对乌迪尔,W轻松挡掉皇子EQ完成单杀，打野梦魇对皇子,被吸血鬼秀死，5W8输出冠绝全场，打野皇子对剑圣,剑圣solo大龙被叶师傅接盘，这剑圣人挺好的hh，打野皇子对剑圣,快速回城大法好，你在团队中毫无地位，打野皇子对赵信,再狡猾的猎物也逃不过猎人的手掌心，打野皇子对盲僧
惩戒升6抓死艾克，冲泉斩获五杀，打野皇子对剑圣,叶交警查车拦截岩雀，被劫躲了所有技能··打野皇子对安雀,谈笑风生中打了6800块钱回家，五杀打野皇子对挖掘机,执行B计划单带取胜，我的伤害毁天灭地，打野皇子对剑圣
开R跳门牙，秦王绕柱强拆成功，打野狮子狗对千珏,手感火热踢爆对面双打野，打野盲僧对螳螂皇子,打野太菜了不能1V9，打野梦魇对盲僧,把对面螳螂心态杀崩了，打野皇子对螳螂,中单又菜脾气又大还乱带节奏··打野皇子对盲僧
R抵消奎因E技能，大招框四个全杀拿龙，打野皇子对盲僧,24分钟24杀，吊打钻石铂金小朋友，打野皇子对螳螂,叶师傅寡妇首秀，杀人书满那一刻就能赢了，打野寡妇对盲僧,三英战吕布1V3三杀，打野皇子对梦魇,队友团不听指挥打得很累，打团要进退有度，打野皇子对寡妇,中上不会玩没发育起来，打野皇子对剑圣
变强模式开启，1V5五杀，打野皇子对赵信,EQ小兵升6闪现R留人，31杀打野皇子对梦魇,一刀秒杀拉克丝，毫无游戏体验，打野皇子对狮子狗,影帝级别假装掉线，三连跳瞬秒双C，打野皇子对男枪,红开抓下屡试不爽，这把做蓝刀了，打野皇子对螳螂,三连跳屏外杀人，打野皇子对盲僧,大逆风力挽狂澜，可惜没能翻盘，打野皇子对盲僧
中单掉线4V5轻松获胜还能操盘，打野皇子对打野大树盲僧,透视挂实锤了，日常大招克死亚索，打野皇子对梦魇,就这么点血我杀皇子绰绰有余了，打野狮子狗对皇子,伤害居然不是第一，EQ闪K头失败，打野皇子对狼人,风女走位骚，打野开了秒人挂一刀秒人，打野皇子对男枪,关门打狗狮子狗无路可逃，打野皇子对狮子狗,6W5输出男枪孤独CARRY，打野男枪对蛮王
迅捷能给梦魇加几十点攻击力，打野梦魇对男枪,透视挂没得洗，剑圣给自己超度念经，打野皇子对剑圣,被酒桶弄得很烦，泉水秒VN，打野男枪对皇子,左边豪宅右边天台，打野皇子对人马,K头怪之间的勾心斗角，遇到对手了，打野皇子对盲僧
感化挂机队友，这波三杀蕴含了300个细节，打野皇子对青钢影,中单皇子对劫，EQ抵消了瞎子R的强制位移,不仅很长还可以旋转，7777，打野皇子对男枪,再追我你会后悔的，打野皇子对青钢影,百头大战，逆风超神CARRY，打野皇子对盲僧,叶师傅的妖姬，拭目以待，中单妖姬对劫
28滴血极限五杀，价值1550的人头，打野皇子对男枪,2级119攻击力单挑无敌，叶师傅麦有问题，打野梦魇对赵信,还是打不出狮子狗螳螂彩蛋好气啊，打野狮子狗对螳螂,等火男中亚完了一R双杀，泉水四杀，打野皇子对梦魇,证明团队地位成功，假装掉线成功送头，打野皇子对豹女,前期不顺均势局CARRY取胜，打野皇子对蛮王
队友呆瓜，抓单拿龙超神翻盘，打野盲僧对赵信,大嘴小法就是提款机好惨啊，打野皇子对艾克,岚切电刀，一枪千血，打野男枪对千珏,R女警撞死残血凤女，打野盲僧对皇子,对面大汉阵容很难打，打野皇子对巨魔,日常秀VN秒蛮王，打野皇子对蛮王,狮子狗养成计划宣告失败，打野螳螂对狮子狗
五杀伪五杀伪六杀花式屠杀秀，打野皇子对老鼠,34杀皇子一刀一个小朋友，打野皇子对盲僧,对面中野古道心肠，人都挺好的，打野皇子对盲僧,魂暴露了对面打野的位置，RA送她回家，打野皇子对寡妇,队友全都送了十几个，究极逆风尽力局，打野皇子对猴子
EQ抢蓝杀人马一气呵成，34杀6W5输出打野皇子对人马,22分钟26杀花式踢人，打野盲僧对诺手,见到天使大嘴，布甲鞋胜利刀兰顿三件套，打野皇子对男枪,大招躲亚索风极限双杀，打野卡密尔对皇子,瞎子超鬼，只值72块，太惨了，打野皇子对盲僧,惩戒Q杀AD，抢大龙，尽力CARRY了，打野盲僧对凯隐
开着扫描轻松追杀小丑，打野皇子对小丑,A野怪极限回血，R闪踢两个金身躲技能秀秀秀，打野盲僧对武器,EQ闪空了，自信E没插死杰斯麻瓜操作，打野皇子对武器,泉水瞬秒爆炸三杀，AD游戏体验极差，打野皇子对赵信,惩戒A兵升6秒学R击杀老鼠，打野皇子对猴子,一顿操作后被蒙多秀死了233，打野皇子对螳螂
黑暗收割立功，EQ闪斩获五杀，打野皇子对盲僧,黑暗收割AP打野卡牌一牌半血，打野卡牌对男枪,细节拉野吸血无伤刷野，打野人马对盲僧,一脚秒杀金克丝，泉水杀老鼠，打野人马对盲僧,一分钟一人头屠杀铂金小朋友，打野皇子对盲僧,轻松1V2击杀对面中野，打野皇子对梦魇
3分钟提亚马特游戏结束，出什么魔抗怂就输了，打野皇子对挖掘机,下路崩盘抓上路为突破口，实力操盘，打野皇子对剑圣,被自己的旗子卡住了跑不了，打野皇子对盲僧,被男枪大招抢了火龙好气啊，打野皇子对男枪,七杀必死，打野皇子对人马
斩获卡兹克的头颅！达成彩蛋1001攻击力！打野狮子狗对螳螂,杀人书卡牌WQA秒盲僧，打野卡牌对盲僧,玩小丑就是要真真假假真假难辨，打野小丑对梦魇,维克托好人送五杀，知恩图报叶音符，打野皇子对梦魇,一牌千血，叶师傅的黄牌还是切得很快的，打野卡牌对盲僧,"大招一扣瞬秒双C,这是个魔鬼，打野皇子对盲僧"
E小龙喷死潘森，打野皇子对潘森,25层书酒桶WEA秒ADC，不过也有辣眼睛操作，打野酒桶对扎克,6分钟战士刀提亚马特游戏结束，打野皇子对男枪,这波他死了，我说的(flag)，打野皇子对
叶师傅蜜汁闪现蜜汁Q塔，五杀打野狮子狗对剑圣,手感爆棚少林寺出身的瞎子，打野盲僧对人马,同时有两个旗子Q到了比较近那个旗子了，打野皇子对凯隐,听一下脚步，刷一下四狼，打野皇子对盲僧,半肉皇子有肉有输出6W1输出CARRY，打野皇子对猴子,兰顿之刃无可匹敌，打野皇子对狮子狗,边玩斗地主边拿一血，打野皇子对盲僧
190209蜘蛛vs稻草人34-3
岩雀开R来送，1-10帮岩雀戒网瘾，打野皇子对岩雀,叶师傅闪现验尸，EQR三个全垒打，打野皇子对螳螂,狼人回血有点赖皮，服务器真烂，打野皇子对狼人,对面没护甲可以出巨九，有肉有输出无敌，打野皇子对盲僧,军训一下下路，你们的护甲都等于零，打野皇子对蝎子,对面瞎子在叶师傅面前超神了挺强了，打野皇子对盲僧,队友不想赢，21杀尽力局，打野狮子狗对皇子
皇子vs瞎子21-3,卡牌vs皇子12-2,酒桶vs皇子16-1,老鼠vs皎月11-0,木木vs凯隐19-4,皇子vs梦魇20-4,螳螂vs梦魇15-4,千珏vs皇子29-6,皇子vs人马20-4,蜘蛛vs稻草人34-3上,蜘蛛vs稻草人34-3下,人马vs皇子19-2,皇子vs男枪20-5,瞎子vs凯隐10-5 输,男枪vs巨魔9-5 输
皇子vs赵信22-3,千珏vs皇子17-6,瞎子vs皇子24-2,老鼠vs酒桶9-2上,老鼠vs酒桶9-2下,皇子vs剑圣22-4,螳螂vs赵信20-5,木木vs酒桶29-6
皇子vs螳螂22-9五杀 输,皇子vs男枪23-2,千珏vs赵信23-4,瞎子vs木木20-6上,瞎子vs木木20-6下,酒桶vs乌龟15-0,千珏vs瞎子19-7,皇子vs瞎子12-0,卡牌vs酒桶13-5,木木vs男枪7-0上,木木vs男枪7-0下,皇子v男枪14-5,螳螂vs瞎子7-5 输,人马vs老鼠6-2 输
190211皇子v男枪14-5
皇子vs剑圣29-4,皇子vs酒桶26-9,千珏vs皇子19-3,卡牌vs皇子22-4,瞎子vs豹女14-10,千珏vs赵信19-4,酒桶vs乌龟22-3上,酒桶vs乌龟22-3下,木木vs剑圣18-2,杰斯vs老鼠12-4,皇子vs瞎子23-2,千珏vs赵信11-3
皇子vs男枪29-4,木木vs瞎子22-3上 五杀,木木vs瞎子22-3下 五杀,老鼠vs寡妇29-1,千珏vs武器18-5,酒桶vs乌龟27-2,皇子vs翠神23-2,瞎子vs赵信15-3,螳螂vs瞎子23-1上,螳螂vs瞎子23-1下,皇子vs豹女22-5,杰斯vs凯隐8-4,卡牌vs赵信6-6 输
190212皇子vs剑圣29-4
剑圣vs瞎子30-4 五杀,皇子vs偷男19-3,老鼠vs皇子25-4,瞎子vs赵信21-2,皇子vs乌龟22-1,木木vs剑圣22-8上,木木vs剑圣22-8下,皇子vs寡妇23-6,卡牌vs潘森9-3,皇子vs瞎子20-1上,皇子vs瞎子20-1下,酒桶v螳螂8-1,螳螂v瞎子30-6 输,酒桶vs皇子8-6 输
27-0-5完美CARRY，打野皇子对男枪,把对面中单打挂机了，中单卢锡安对劫,疾跑减肥，无情戏耍大虫子，打野人马对剑圣,快乐蓝凯，在线秒人，打野凯隐对剑圣,25层书寡妇，闪现空R秀秀秀，打野寡妇对盲僧,屠杀黄金人机，22分钟30杀，打野皇子对盲僧,叶师傅自己人别开腔，打野皇子对人马
皇子vs寡妇29-3,寡妇vs螳螂12-5,酒桶vs瞎子20-4,凯隐vs皇子20-3上,凯隐vs皇子20-3下,螳螂vs皇子28-7,瞎子vs皇子22-5,木木vs瞎子12-5上,木木vs瞎子12-5下,皇子vs寡妇21-11 输,千珏vs青钢影13-3,凯隐vs男枪28-4,深海迷航 上,深海迷航 下
皇子vs瞎子32-3,人马vs剑圣14-1,螳螂vs皇子24-7,木木vs豹女27-3,千珏vs皇子18-8,螳螂vs凯隐14-1,皇子vs剑魔18-3,瞎子vs蛮王8-5,老鼠vs乌迪尔21-3,皇子vs瞎子25-5,酒桶vs瞎子12-3,凯隐vs瞎子17-4,皇子重开+千珏v豹女12-4
老鼠vs酒桶22-1,皇子vs赵信25-1,酒桶vs瞎子23-4,螳螂vs梦魇21-10上,螳螂vs梦魇21-10下,皇子vs瞎子17-9,木木vs皇子11-7,千珏vs瞎子21-7上,千珏vs瞎子21-7下,千珏v瞎子15-4,凯隐vs男枪22-5,皇子vs青钢影14-5 输,瞎子vs赵信12-9 输
人马vs奥拉夫17-1,皇子vs瞎子21-6,豹女vs螳螂23-2,酒桶vs豹女27-7,皇子vs螳螂18-4,豹女vs人马23-7,瞎子vs猴子10-1,皇子vs剑魔14-0,人马vs潘森27-6,豹女vs赵信22-11,皇子vs盲僧17-3
木木vs武器19-0 五杀！,皇子vs武器23-6,凯隐vs酒桶19-2,死歌vs青钢影18-3,皇子vs狮子20-7,酒桶vs瞎子29-5,螳螂vs豹女18-3,螳螂vs瞎子17-4上,螳螂vs瞎子17-4下,凯隐vs小丑25-5,皇子vs梦魇22-2,老鼠重开+豹女vs瞎子16-3,千珏vs瞎子10-7 输
皇子vs赵信22-1,瞎子vs猪妹21-5,死歌vs皇子30-11,皇子vs木木21-2,螳螂vs蔚21-3 五杀,老鼠vs人马25-2,皇子vs潘森27-2,千珏vs石头人22-4上,千珏vs石头人22-4下,酒桶vs皇子24-2,凯隐vs狮子16-3,皇子vs狮子10-2,深海迷航 上,深海迷航 下
皇子vs死歌23-1,螳螂vs皇子23-3,酒桶vs瞎子28-4,凯隐vs皇子25-1上,凯隐vs皇子25-1下,皇子vs奥拉夫24-4,奥拉夫vs蔚17-4,剑圣vs赵信16-7,千珏vs瞎子13-3,老鼠vs潘森15-9,螳螂vs赵信32-2上,螳螂vs赵信32-2下,皇子vs瞎子15-3,瞎子vs皇子19-6,皇子vs潘森24-8上 输,皇子vs潘森24-8下 输
豹女vs赵信18-10,接上一P,人马vs剑魔22-3,炼金vs大虫子15-8,酒桶vs皇子35-6,皇子vs豹女9-1,黄金矿工+人马vs派克21-1,皇子vs瞎子19-2,螳螂vs瞎子11-4,瞎子vs男枪14-1,皇子vs老鼠22-1,人马vs皇子33-3
叶音符
皇子vs挖掘机27-2,炼金vs瞎子9-3,皇子vs剑圣13-6,豹女vs皇子25-6,人马vs寡妇30-4,酒桶vs瞎子33-2,螳螂vs皇子15-8,皇子vs瞎子22-3,火男vs瞎子24-5,人马vs末日16-1,皇子vs瞎子18-3,酒桶vs剑圣15-5
皇子vs豹女19-1,炼金vs人马9-2,皇子vs梦魇10-4,豹女vs瞎子36-2,人马vs狮子狗19-3,皇子vs人马31-2,酒桶vs猪妹12-2,酒桶vs豹女19-1,皇子vs剑圣21-3,提莫vs螳螂20-7,皇子vs寡妇19-4
人马vs薇32-3,瞎子vs末日12-10,circle empires+石头vs凯隐15-5,皇子vs潘森16-3最后一点文件出错了，放不上来,豹女vs瞎子27-8,酒桶vs末日26-2,木木vs挖掘机14-5,人马vs蜘蛛28-5,皇子vs豹女8-4
P1 人马VS寡妇 26-4,P2 皇子VS盲僧9-2,P3 豹女VS皇子26-1,皇子vs末日20-4,人马vs剑圣22-6,皇子vs赵信16-2,酒桶vs皇子28-1,皇子vs努努22-1,人马vs梦魇27-2,瑞雯vs皇子12-4,豹女vs挖掘机33-6
叶音符
人马vs潘森18-4,豹女vs潘森8-4,酒桶vs赵信16-2,瞎子辅助一号女嘉宾6-9+人马vs千珏17-0+蒙多vs潘森4-4+女警vs赏金上,女警vs赏金6-8下+人马vs凯隐18-0+瞎子vs皇子11-1+皇子vs大虫子23-3+酒桶vs猪妹，上,酒桶vs猪妹12-6，下+杀手
人马vs男枪23-6上,"接上一P,酒桶vs皇子21-1上","接上一P,炼金vs凯隐1-4，皇子vs螃蟹20-2上",接上一p，豹女vs皇子30-3，人马vs凯隐35-3上,接上一P，皇子vs瞎子15-2酒桶vs蜘蛛21-1上,"接上一p,瞎子vs豹女29-5，皇子vs梦魇19-5上","接上一P,人马vs皇子10-2，皇子vs豹女19-0，杀手"
1，重开局，火男vs皇子8-2,2，瞎子vs螳螂20-9，皇子vs武器15-2,3，人马vs梦魇25-8,4豹女vs潘森22-6，皇子vs龙龟19-1,5酒桶vs千珏26-4，皇子vs挖掘机14-1,6奥拉夫vs潘森5-7，人马vs木木10-11,人马vs木木最后一点
1豹女vs蔚19-4,2瑞兹vs螳螂6-5，皇子vs人马21-0,3人马vs狮子狗9-1，酒桶vs皇子23-2，瞎子vs皇子13-2,4皇子vs猴子29-4，酒桶vs赵信23-4,5酒桶vs人马19-1，皇子vs岩雀28-3,6人马vs皇子25-2，老鼠vs螳螂24-1,最后一点
叶音符2
人马vs剑圣17-1,皇子vs瞎子28-2，剑魔vs皇子10-5，皇子vs瞎子29-5,皇子vs瞎子29-5下，狮子狗vs瞎子26-4,酒桶vs蜘蛛19-4，人马vs瞎子20-0,豹女vs螳螂12-5，皇子vs剑圣10-0，木木vs挖掘机18-4,木木vs挖掘机18-4下，皇子vs瞎子20-6，,酒桶vs梦魇17-2
1皇子vs人马21-8,2人马vs剑圣23-1,3皇子vs梦魇19-1,4豹女vs酒桶17-4,5皇子vs瞎子22-1,6酒桶vs豹女21-3,7皇子vs蜘蛛23-3,8皇子vs瞎子23-2,9重开局，老鼠vs寡妇6-1,10酒桶vs皇子15-4,11皇子vs男枪20-1+训练模式教学
"1劫vs皇子12-3,55分30秒左右直播崩了，丢失了一小段",2皇子vs酒桶27-5,3人马vs瞎子25-4,4皇子vs赵信22-2,5人马vs石头14-5,6皇子vs豹女9-2,7人马vs螳螂20-4,8酒桶vs龙龟20-2,9瞎子vs皇子23-5,10皇子vs人马32-2
1皇子vs瞎子11-2,2皇子vs赵信14-2,3蒙多vs武器19-2,4皇子vs剑圣23-2,5老鼠vs剑圣23-2,6螳螂vs瞎子30-4,7皇子vs酒桶20-1,8皇子vs男枪20-2,9瞎子vs老鼠21-2,10酒桶vs瞎子21-4,11皇子vs剑圣23-0,12劫vs皇子25-5
1酒桶vs瞎子22-2,2皇子vs瞎子21-1,3人马vs皇子25-3,4皇子vs酒桶22-2,5豹女vs凯隐16-3,6皇子vs豹女22-4,7瞎子vs皇子24-5,8皇子vs瞎子22-0,9人马vs豹女22-2,10螳螂vs瞎子36-3,11皇子vsVN16-2,12黄金矿工+皇子vs剑圣19-6
1瞎子vs挖掘机6-6,2皇子vs瞎子27-1,3老鼠vs皇子28-5,4豹女vs瞎子24-4,5皇子vs赵信29-4,6人马vs剑圣12-1,7酒桶vs瞎子20-5,8皇子vs瞎子19-6,9人马vs酒桶26-2,10瞎子vs青钢影11-2,11皇子vs豹女11-4,12人马vs剑圣19-3
叶音符
1狮子狗vs皇子22-2,2皇子vs蔚12-3,3螳螂vs赵信16-0,4卡牌vs豹女7-10,5人马vs剑圣32-3,6皇子vs蔚22-1,7酒桶vs瞎子24-3,8皇子vs瞎子11-0,9瞎子vs豹女24-4,10皇子vs人马24-4,11螳螂vs人马22-1,12皇子vs蜘蛛21-3,13人马vs皇子22-4
1皇子vs死歌11-0,2泰坦vs皇子22-4,3木木vs塞拉斯18-2,4皇子vs螳螂30-1,5人马vs剑圣27-3,6泰坦vs瞎子18-3,7皇子vs男枪22-3,8瞎子vs梦魇27-2,9皇子vs艾克17-1,10凯隐vs寡妇21-12,11皇子vs龙龟10-11，本p内容大多无法过审核，p男给你们剪了一下，这已经是最完整可以过审核的部分了
劫
1泰坦vs梦魇25-1,2酒桶vs龙龟14-1,3瞎子vs蜘蛛20-4,4人马vs皇子14-6,5皇子vs剑圣10-2,6瞎子vs千珏8-8,7人马vs皇子18-4,8皇子vs死歌29-7,9酒桶vs瞎子22-1,10泰坦vs赵信22-7,11螳螂vs挖掘机27-5
叶音符1
1皇子vs末日18-6,2瞎子vs剑圣26-3,3人马vs瞎子20-4,4皇子vs瞎子31-3,5豹女vs男枪29-8,6皇子vs凯隐22-5,7人马vs小丑10-4,8酒桶vs凯隐24-2,9螳螂vs皇子17-3,10皇子vs武器28-3
1皇子vs瞎子14-1,2人马vs瞎子9-0,3酒桶vs潘森28-7,4皇子vs螳螂15-2,5瞎子vs男枪16-3,6人马vs瞎子23-9,7皇子vs剑姬16-10,8木木vs狗头6-5,9皇子vs挖掘机25-3,10皇子vs潘森14-1
1皇子vs赵信19-6,2酒桶vs人马16-5,3瞎子vs皇子21-0,4皇子vs剑圣24-5,5人马vs皇子28-2,6皇子vs剑圣27-3,7豹女vs蔚21-5,8木木vs挖掘机22-6,9皇子vs螳螂12-0，前几分钟有某些地方无法过审,10螳螂vs皇子25-4,11人马vs蜘蛛8-0
叶音符
1皇子vs扎克12-4,2重开局+合金弹头+瞎子vs龙女10-4,3合金弹头+泰坦vs雪人8-8,4皇子vs梦魇25-1,5酒桶vs螳螂25-0
叶音符酒桶
1泰坦vs皇子21-3,2杰斯vs皇子19-3,3人马vs狼人7-0,4皇子vs剑圣16-8,5酒桶vs瞎子15-2,6皇子vs天使20-3,7瞎子vs末日27-4,8皇子vs瞎子14-5,9黄金矿工，泰坦vs瞎子29-4,10人马vs酒桶27-0,11皇子vs瞎子10-5,12木木vs瞎子22-8
1皇子vs挖掘机8-0,2瞎子vs龙龟13-1,3酒桶vs人马36-5,4皇子vs狼人20-4,5人马vs豹女13-1,6螳螂vs皇子20-7,7皇子vs龙龟10-4,8酒桶vs千珏21-0,9劫vs皇子18-4,10凯隐vs皇子19-2,11皇子vs凯隐20-2,12酒桶vs赵信25-1
叶音符2
1皇子vs螳螂26-3,2酒桶vs皇子23-2,3吸血鬼vs挖掘机14-1,4木木vs梦魇15-0,5皇子vs人马11-1,6瞎子vs赵信22-2,7人马vs剑圣21-0,8皇子vs瞎子25-4,9螳螂vs皇子24-8,10皇子vs挖掘机25-3,11酒桶vs奥拉夫19-5
1皇子vs小丑25-7,2合金弹头+酒桶vs扎克12-3,3老鼠vs皇子21-4,4泰坦vs凯隐18-0,5豹女vs瞎子22-4 剩下的要重新读取晚一点上传，抱歉
1劫vs瞎子17-2,2酒桶vs挖掘机5-0,3青钢影vs挖掘机10-7,4青钢影vs岩雀8-8,5皇子vs瞎子17-1,6瞎子vs剑圣22-5,7酒桶vs努努26-3,8人马vs皇子26-3,9黄金矿工+泰坦vs凯隐15-2,10皇子vs挖掘机14-5,11木木vs蜘蛛15-2
1皇子vs蔚23-3,2瞎子vs狮子狗24-1,3皇子vs凯隐16-2,4泰坦vs挖掘机23-3,5皇子vs乌迪尔23-3,6豹女vs螳螂20-3,7人马vs赵信28-5,8酒桶vs挖掘机18-6,9皇子vs龙龟20-4,10火男vs人马14-7,11人马vs剑圣26-1
1皇子vs男枪26-1,2奎因vs努努19-4,3瞎子vs人马21-6,4螳螂vs武器23-3,5狮子狗vs皇子7-6,6皇子vs螳螂13-0,7酒桶vs老鼠14-2,8木木vs死歌15-5
1老鼠vs巨魔25-2,2豹女vs石头人10-3,3瞎子vs泰坦8-6,4火男vs剑圣12-2,5皇子vs剑圣23-5,6吸血鬼vs瞎子14-7,7人马vs猪妹33-2,8皇子sv梦魇14-2,9酒桶vs人马18-3,10螳螂vs皇子21-6,11泰坦vs剑圣10-1,12老鼠vs赵信20-9
叶音符泰坦
1酒桶vs剑圣31-2,2杰斯vs皇子26-10,3豹女vs人马28-6,4皇子vs剑圣20-7,5木木vs剑圣20-4,6螳螂vs皇子22-6,7皇子s瞎子20-0,8人马vs剑圣23-3,9酒桶vs皇子15-3,10皇子vs青钢影10-1,11合金弹头+瞎子vs皇子21-3
1瞎子vs皇子32-3,2皇子vs瞎子15-4,3人马vs皇子22-2,4瞎子vs豹女18-2,5人马vs剑圣18-1,6螳螂vs赵信23-8,7酒桶vs瞎子22-4,8木木vs瞎子26-7,9酒桶vs赵信16-0,10皇子vs人马15-5,11瞎子vs螳螂30-5
1皇子vs螳螂16-2,2螳螂vs男枪22-6,3人马vs皇子13-3零之枪骑皮肤,4瞎子vs皇子6-2,5泰坦vs螳螂15-3,6皇子vs努努30-3,7刀妹vs死歌25-9,8酒桶vs狮子狗22-1
1皇子vs龙龟18-6,3豹女vs螳螂16-4,4黄金矿工+酒桶vs男枪20-4,5皇子vs凯隐10-1,6千珏vs男枪17-7,7黄金矿工+人马vs潘森20-3,8皇子vs瞎子25-6,9酒桶vs螳螂23-3,10螳螂vs挖掘机21-3,11皇子vs人马27-5
叶音符新刷野
1螳螂vs人马20-4,2皇子vs挖掘机22-4,3刀妹vs皇子25-8,4瞎子vs皇子26-4,5人马vs寡妇16-7,6酒桶vs螳螂23-1,7木木vs螳螂21-1,8螳螂vs皇子25-0,9皇子vs木木15-1,10酒桶vs螳螂21-1,11老鼠vs剑圣13-6,12人马vs蛮子20-1
1人马vs凯隐21-0,2皇子vs挖掘机10-1,3豹女vs寡妇21-8,4瞎子vs狼人18-4,5酒桶vs蔚31-6,6木木vs瞎子6-8,7死歌vs皇子20-4,8酒桶vs瞎子14-1,9皇子vs剑圣8-2,10人马vs皇子12-2,11酒桶vs末日31-2
叶音符酒桶五杀_0001
1泰坦vs皇子21-2,2豹女vs瞎子33-2,3皇子vs寡妇13-0,4黄金矿工+螳螂vs人马29-3,5瞎子vs木木18-4,6黄金矿工+酒桶vs泰坦16-1,7豹女vs赵信15-9,8人马vs皇子21-7,9死歌vs龙龟14-3,10酒桶vs皇子16-1
我的影片
1酒桶vs豹女12-1,2死歌vs皇子20-4,3皇子vs千珏20-3,4瞎子vs皇子11-3,5酒桶vs剑圣14-7,6老鼠vs酒桶15-2,7豹女vs螳螂25-3,8皇子vs螳螂27-3,9人马vs寡妇21-3
1螳螂vs木木30-6,2皇子vs凯隐22-6,3酒桶vs皇子12-5,4人马vs螳螂27-2,5瞎子vs翠神4-5,6皇子vs人马20-2,7泰坦vs小丑22-1,8酒桶vs瞎子24-7,9人马vs龙龟19-1,10皇子vs人马20-1
GTA6直播1,GTA6直播2,GTA6直播3,GTA6直播4,1螳螂vs男枪27-1,2凯隐vs蔚20-1,3泰坦vs赵信28-1,4豹女vs蜘蛛24-6中间有一段审核问题,5酒桶vs瞎子12-1,6木木vs皇子21-3,7人马vs瞎子17-8,8酒桶vs男枪21-9开头老问题，放不上来,9老鼠vs木木21-5
1豹女vs螳螂13-4,2泰坦vs螳螂20-0,3凯隐vs剑圣20-3,4人马vs潘森22-5,5螳螂vs瞎子21-3,6泰坦vs猴子24-0,7木木vs人马33-5,8螳螂vs泰坦17-3,9凯隐vs挖掘机30-2,10皇子vs赵信18-3
叶音符1
1豹女vs蜘蛛21-7,2凯隐vs瞎子15-0,3泰坦vs猴子23-1,4螳螂vs男枪21-4,5皇子vs寡妇23-2,6瞎子vs龙龟25-6,7酒桶vs凯隐28-3,8人马vs猪妹17-4,9皇子vs猪妹22-7,10凯隐vs螳螂9-8,11皇子vs潘森21-3,12男枪vs皇子21-4
1螳螂vs寡妇22-0,2男枪vs寡妇19-2,3人马vs皇子36-1,4木木vs潘森21-3,5EZvs瞎子18-7,6男枪vs皇子18-1,7瞎子vs皇子12-10,8泰坦vs大虫子11-5,9皇子vs凯隐22-2,10黄金矿工+螳螂vs男枪22-7,11酒桶vs猴子21-0
1狗熊vs剑圣18-2,2豹女vs死歌20-4,3凯隐vs木木28-5,4男枪vs赵信25-4,5泰坦vs人马20-12,6男枪vs豹女21-3,7皇子vs人马20-1,8酒桶vs豹女28-2
1皇子vs瞎子22-2前面漏了一点点,2木木vs瞎子20-2,3酒桶vs瞎子29-5,4男枪vs剑圣23-9,5螳螂vs人马27-0,6酒桶vs蔚34-3,7豹女vs寡妇12-2,8狗熊vs凯隐19-5,9口吐芬芳人马vs寡妇10-4,10皇子vs酒桶21-3
1龙龟vs挖掘机9-3,2皇子vs瞎子22-2,3人马vs寡妇20-4,4瞎子vs寡妇15-2,5酒桶vs剑圣22-0,6泰坦vs瞎子29-0,7酒桶vs猪妹19-2,8皇子vs瞎子21-3,9皇子vs豹女27-8,10酒桶vs千珏16-1,11凯隐vs皇子31-6
1凯隐vs末日23-2,2人马vs男枪16-9,3男枪vs剑圣21-10,4皇子vs剑圣15-0,5螳螂vs皇子18-6,6酒桶vs龙龟26-4,7人马vs瞎子21-1,8皇子vs瞎子18-3,9合金弹头+瞎子vs赵信18-3,10泰坦vs扎克13-1 还有一p迟一点传
1凯隐vs赵信7-13,2木木vs猴子25-0,3螳螂vs潘森26-8,4皇子vs螳螂19-0,5泰坦vs猪妹11-7,6男枪vs奥拉夫29-2,7EZvs男枪18-4,8狗熊vs人马10-3,9男枪vs人马12-1,10人马vs木木23-6,11皇子vs男枪27-3,12酒桶vs青钢影12-1,13木木vs龙龟22-3,14皇子vs凯隐16-3,15杰斯vs人马18-4,16酒桶vs皇子20-6
叶音符
1男枪vs瞎子20-9,2凯隐vs皇子32-3,3皇子vs武器2-1,4螳螂vs狗熊21-7,5EZvs努努24-5,6酒桶vs豹女18-2,7人马vs剑魔27-8,8木木vs剑圣20-3,9皇子vs蔚30-5,10男枪vs瞎子22-2,11酒桶vs赵信33-5
1狗熊vs剑圣23-7,2蜘蛛vs剑圣13-1,3男枪vs酒桶18-1,4刀妹vs剑圣5-9,5皇子vs梦魇21-0,6EZvs螳螂25-4,7木木vs酒桶20-1,8男枪vs皇子18-3,9螳螂vs皇子17-1,10卡牌vs瞎子9-2,11皇子vs巨魔14-1,12EZvs挖掘机15-4
1螳螂vs剑圣17-6,2男枪vs木木8-1,3皇子vs千珏33-2,4木木vs瞎子11-5,5酒桶vs努努24-0,6皇子vs凯隐21-3,7EZvs皇子17-3,8人马vs皇子15-2,9男枪vs寡妇22-3,10木木vs赵信26-7,11酒桶vs寡妇19-0,12皇子vs木木19-8,13男枪vs蜘蛛26-6,14皇子vs人马27-4,15EZvs乌迪尔22-6
1瞎子vs武器20-7,2狮子狗vs螳螂10-8,3木木vs瞎子15-4,4皇子vs瞎子20-3,5末日vs奥拉夫7-10,6男枪vs潘森29-10,7酒桶vs剑圣27-2,8凯隐vs皇子21-4,9EZvs木木20-4,10皇子vs死歌28-6
1凯隐vs皇子23-4,2木木vs瞎子20-1,3酒桶vs人马24-5,4人马vs豹女26-1,5男枪vs皇子13-5,6皇子vs木木30-3,7EZvs剑圣32-7,8木木vs潘森13-5,9酒桶vs人马19-1,10皇子vs小丑9-3,11黄金矿工+劫vs狮子狗13-9,12螳螂vs武器25-4
1凯隐vs酒桶30-2,2男枪vs皇子11-5,3木木vs瞎子20-0,4瞎子vs皇子19-6,5皇子vs酒桶16-5,6EZvs皇子27-5,7狗熊vs人马25-5,8皇子vs男枪21-3（最后有点丢帧，录下来就是这样）,9酒桶vs蛮王18-3,10千珏vs凯隐8-3,11木木vs皇子13-3
1扎克vs凯隐6-7,2皇子vs猪妹18-2,3EZvs寡妇21-6,4酒桶vs木木35-1,5男枪vs寡妇3-1,6木木vs螳螂24-6,7皇长vs瞎子23-0,8人马vs挖掘机23-2,9皇子vs蔚17-3
1皇子vs螳螂14-3+八方旅人,2八方旅人+凯隐vs瞎子13-7,3八方旅人+男枪vs石头人12-2,4八方旅人+EZvs猴子15-10,5皇子vs死歌14-1,6八方旅人+酒桶vs皇子22-5,7瞎子vs剑圣21-3,8狗熊vs皇子12-4,9人马vs瞎子26-1,10八方旅人+木木vs龙龟21-1,11皇子vs龙龟30-2
